,Model,Dataset,Column_Filter,Col_Num,AUC,Recall,Precision,F1-Score,Best_Params,Start_Time,End_Time
24,spark_dt,X_train_dsample,"['totals_pageviews', 'totals_hits', 'totals_timeOnSite', 'geoNetwork_country_woe', 'totals_bounces', 'trafficSource_source_woe', 'totals_newVisits', 'channelGrouping_Referral', 'channelGrouping_Social', 'trafficSource_medium_referral', 'trafficSource_isTrueDirect_code', 'device_browser_woe', 'hits_hour_ordinal', 'device_operatingSystem_Macintosh', 'device_operatingSystem_Windows', 'device_deviceCategory_mobile', 'hits_eCommerceAction_action_type', 'device_operatingSystem_Chrome_OS', 'device_operatingSystem_Nintendo_Wii', 'channelGrouping_Organic Search', 'device_operatingSystem_Linux', 'device_operatingSystem_iOS', 'device_operatingSystem_Android', 'device_operatingSystem_Xbox', 'trafficSource_medium_affiliate', 'device_operatingSystem_Samsung', 'device_operatingSystem_BlackBerry', 'trafficSource_medium_organic', 'trafficSource_medium_cpc', 'device_operatingSystem_Windows_Phone', 'label']",31,0.9589377624760373,0.9710090361445783,0.933405718422005,0.9518361321276988,"{
	DecisionTreeClassifier_41fca20da5b7-cacheNodeIds: false,
	DecisionTreeClassifier_41fca20da5b7-checkpointInterval: 10,
	DecisionTreeClassifier_41fca20da5b7-featuresCol: features,
	DecisionTreeClassifier_41fca20da5b7-impurity: gini,
	DecisionTreeClassifier_41fca20da5b7-labelCol: label,
	DecisionTreeClassifier_41fca20da5b7-leafCol: ,
	DecisionTreeClassifier_41fca20da5b7-maxBins: 32,
	DecisionTreeClassifier_41fca20da5b7-maxDepth: 3,
	DecisionTreeClassifier_41fca20da5b7-maxMemoryInMB: 256,
	DecisionTreeClassifier_41fca20da5b7-minInfoGain: 0.01,
	DecisionTreeClassifier_41fca20da5b7-minInstancesPerNode: 1,
	DecisionTreeClassifier_41fca20da5b7-minWeightFractionPerNode: 0.0,
	DecisionTreeClassifier_41fca20da5b7-predictionCol: prediction,
	DecisionTreeClassifier_41fca20da5b7-probabilityCol: probability,
	DecisionTreeClassifier_41fca20da5b7-rawPredictionCol: rawPrediction,
	DecisionTreeClassifier_41fca20da5b7-seed: -2487988386210263844
}",1653964257.4040055,1653964675.7376914
26,spark_dt,X_train_dsample,"['totals_pageviews', 'totals_hits', 'totals_timeOnSite', 'geoNetwork_country_woe', 'totals_bounces', 'trafficSource_source_woe', 'totals_newVisits', 'channelGrouping_Social', 'channelGrouping_Referral', 'trafficSource_medium_referral', 'trafficSource_isTrueDirect_code', 'device_browser_woe', 'hits_hour_ordinal', 'device_operatingSystem_Macintosh', 'device_operatingSystem_Windows', 'hits_eCommerceAction_action_type', 'device_deviceCategory_mobile', 'device_operatingSystem_Chrome_OS', 'device_operatingSystem_iOS', 'channelGrouping_Organic Search', 'device_operatingSystem_Android', 'channelGrouping_Display', 'socialEngagementType', 'device_operatingSystem_Linux', 'trafficSource_medium_cpc', 'label']",26,0.9589377624760373,0.9710090361445783,0.933405718422005,0.9518361321276988,"{
	DecisionTreeClassifier_41fca20da5b7-cacheNodeIds: false,
	DecisionTreeClassifier_41fca20da5b7-checkpointInterval: 10,
	DecisionTreeClassifier_41fca20da5b7-featuresCol: features,
	DecisionTreeClassifier_41fca20da5b7-impurity: gini,
	DecisionTreeClassifier_41fca20da5b7-labelCol: label,
	DecisionTreeClassifier_41fca20da5b7-leafCol: ,
	DecisionTreeClassifier_41fca20da5b7-maxBins: 32,
	DecisionTreeClassifier_41fca20da5b7-maxDepth: 3,
	DecisionTreeClassifier_41fca20da5b7-maxMemoryInMB: 256,
	DecisionTreeClassifier_41fca20da5b7-minInfoGain: 0.01,
	DecisionTreeClassifier_41fca20da5b7-minInstancesPerNode: 1,
	DecisionTreeClassifier_41fca20da5b7-minWeightFractionPerNode: 0.0,
	DecisionTreeClassifier_41fca20da5b7-predictionCol: prediction,
	DecisionTreeClassifier_41fca20da5b7-probabilityCol: probability,
	DecisionTreeClassifier_41fca20da5b7-rawPredictionCol: rawPrediction,
	DecisionTreeClassifier_41fca20da5b7-seed: -2487988386210263844
}",1653964677.7466521,1653965078.6832933
28,spark_dt,X_train_dsample,"['totals_pageviews', 'totals_hits', 'totals_timeOnSite', 'geoNetwork_country_woe', 'totals_bounces', 'trafficSource_source_woe', 'label']",7,0.9589377624760373,0.9710090361445783,0.933405718422005,0.9518361321276988,"{
	DecisionTreeClassifier_41fca20da5b7-cacheNodeIds: false,
	DecisionTreeClassifier_41fca20da5b7-checkpointInterval: 10,
	DecisionTreeClassifier_41fca20da5b7-featuresCol: features,
	DecisionTreeClassifier_41fca20da5b7-impurity: gini,
	DecisionTreeClassifier_41fca20da5b7-labelCol: label,
	DecisionTreeClassifier_41fca20da5b7-leafCol: ,
	DecisionTreeClassifier_41fca20da5b7-maxBins: 32,
	DecisionTreeClassifier_41fca20da5b7-maxDepth: 3,
	DecisionTreeClassifier_41fca20da5b7-maxMemoryInMB: 256,
	DecisionTreeClassifier_41fca20da5b7-minInfoGain: 0.0,
	DecisionTreeClassifier_41fca20da5b7-minInstancesPerNode: 1,
	DecisionTreeClassifier_41fca20da5b7-minWeightFractionPerNode: 0.0,
	DecisionTreeClassifier_41fca20da5b7-predictionCol: prediction,
	DecisionTreeClassifier_41fca20da5b7-probabilityCol: probability,
	DecisionTreeClassifier_41fca20da5b7-rawPredictionCol: rawPrediction,
	DecisionTreeClassifier_41fca20da5b7-seed: -2487988386210263844
}",1653965080.9158592,1653965449.5118992
25,spark_dt,X_test_dsample,"['totals_pageviews', 'totals_hits', 'totals_timeOnSite', 'geoNetwork_country_woe', 'totals_bounces', 'trafficSource_source_woe', 'totals_newVisits', 'channelGrouping_Referral', 'channelGrouping_Social', 'trafficSource_medium_referral', 'trafficSource_isTrueDirect_code', 'device_browser_woe', 'hits_hour_ordinal', 'device_operatingSystem_Macintosh', 'device_operatingSystem_Windows', 'device_deviceCategory_mobile', 'hits_eCommerceAction_action_type', 'device_operatingSystem_Chrome_OS', 'device_operatingSystem_Nintendo_Wii', 'channelGrouping_Organic Search', 'device_operatingSystem_Linux', 'device_operatingSystem_iOS', 'device_operatingSystem_Android', 'device_operatingSystem_Xbox', 'trafficSource_medium_affiliate', 'device_operatingSystem_Samsung', 'device_operatingSystem_BlackBerry', 'trafficSource_medium_organic', 'trafficSource_medium_cpc', 'device_operatingSystem_Windows_Phone', 'label']",31,0.9585014347378231,0.9727767695099818,0.92894280762565,0.950354609929078,"{
	DecisionTreeClassifier_41fca20da5b7-cacheNodeIds: false,
	DecisionTreeClassifier_41fca20da5b7-checkpointInterval: 10,
	DecisionTreeClassifier_41fca20da5b7-featuresCol: features,
	DecisionTreeClassifier_41fca20da5b7-impurity: gini,
	DecisionTreeClassifier_41fca20da5b7-labelCol: label,
	DecisionTreeClassifier_41fca20da5b7-leafCol: ,
	DecisionTreeClassifier_41fca20da5b7-maxBins: 32,
	DecisionTreeClassifier_41fca20da5b7-maxDepth: 3,
	DecisionTreeClassifier_41fca20da5b7-maxMemoryInMB: 256,
	DecisionTreeClassifier_41fca20da5b7-minInfoGain: 0.01,
	DecisionTreeClassifier_41fca20da5b7-minInstancesPerNode: 1,
	DecisionTreeClassifier_41fca20da5b7-minWeightFractionPerNode: 0.0,
	DecisionTreeClassifier_41fca20da5b7-predictionCol: prediction,
	DecisionTreeClassifier_41fca20da5b7-probabilityCol: probability,
	DecisionTreeClassifier_41fca20da5b7-rawPredictionCol: rawPrediction,
	DecisionTreeClassifier_41fca20da5b7-seed: -2487988386210263844
}",1653964257.4040055,1653964675.7376914
27,spark_dt,X_test_dsample,"['totals_pageviews', 'totals_hits', 'totals_timeOnSite', 'geoNetwork_country_woe', 'totals_bounces', 'trafficSource_source_woe', 'totals_newVisits', 'channelGrouping_Social', 'channelGrouping_Referral', 'trafficSource_medium_referral', 'trafficSource_isTrueDirect_code', 'device_browser_woe', 'hits_hour_ordinal', 'device_operatingSystem_Macintosh', 'device_operatingSystem_Windows', 'hits_eCommerceAction_action_type', 'device_deviceCategory_mobile', 'device_operatingSystem_Chrome_OS', 'device_operatingSystem_iOS', 'channelGrouping_Organic Search', 'device_operatingSystem_Android', 'channelGrouping_Display', 'socialEngagementType', 'device_operatingSystem_Linux', 'trafficSource_medium_cpc', 'label']",26,0.9585014347378231,0.9727767695099818,0.92894280762565,0.950354609929078,"{
	DecisionTreeClassifier_41fca20da5b7-cacheNodeIds: false,
	DecisionTreeClassifier_41fca20da5b7-checkpointInterval: 10,
	DecisionTreeClassifier_41fca20da5b7-featuresCol: features,
	DecisionTreeClassifier_41fca20da5b7-impurity: gini,
	DecisionTreeClassifier_41fca20da5b7-labelCol: label,
	DecisionTreeClassifier_41fca20da5b7-leafCol: ,
	DecisionTreeClassifier_41fca20da5b7-maxBins: 32,
	DecisionTreeClassifier_41fca20da5b7-maxDepth: 3,
	DecisionTreeClassifier_41fca20da5b7-maxMemoryInMB: 256,
	DecisionTreeClassifier_41fca20da5b7-minInfoGain: 0.01,
	DecisionTreeClassifier_41fca20da5b7-minInstancesPerNode: 1,
	DecisionTreeClassifier_41fca20da5b7-minWeightFractionPerNode: 0.0,
	DecisionTreeClassifier_41fca20da5b7-predictionCol: prediction,
	DecisionTreeClassifier_41fca20da5b7-probabilityCol: probability,
	DecisionTreeClassifier_41fca20da5b7-rawPredictionCol: rawPrediction,
	DecisionTreeClassifier_41fca20da5b7-seed: -2487988386210263844
}",1653964677.7466521,1653965078.6832933
29,spark_dt,X_test_dsample,"['totals_pageviews', 'totals_hits', 'totals_timeOnSite', 'geoNetwork_country_woe', 'totals_bounces', 'trafficSource_source_woe', 'label']",7,0.9585014347378231,0.9727767695099818,0.92894280762565,0.950354609929078,"{
	DecisionTreeClassifier_41fca20da5b7-cacheNodeIds: false,
	DecisionTreeClassifier_41fca20da5b7-checkpointInterval: 10,
	DecisionTreeClassifier_41fca20da5b7-featuresCol: features,
	DecisionTreeClassifier_41fca20da5b7-impurity: gini,
	DecisionTreeClassifier_41fca20da5b7-labelCol: label,
	DecisionTreeClassifier_41fca20da5b7-leafCol: ,
	DecisionTreeClassifier_41fca20da5b7-maxBins: 32,
	DecisionTreeClassifier_41fca20da5b7-maxDepth: 3,
	DecisionTreeClassifier_41fca20da5b7-maxMemoryInMB: 256,
	DecisionTreeClassifier_41fca20da5b7-minInfoGain: 0.0,
	DecisionTreeClassifier_41fca20da5b7-minInstancesPerNode: 1,
	DecisionTreeClassifier_41fca20da5b7-minWeightFractionPerNode: 0.0,
	DecisionTreeClassifier_41fca20da5b7-predictionCol: prediction,
	DecisionTreeClassifier_41fca20da5b7-probabilityCol: probability,
	DecisionTreeClassifier_41fca20da5b7-rawPredictionCol: rawPrediction,
	DecisionTreeClassifier_41fca20da5b7-seed: -2487988386210263844
}",1653965080.9158592,1653965449.5118992
46,spark_rf,X_train_dsample,"['totals_pageviews', 'totals_hits', 'totals_timeOnSite', 'geoNetwork_country_woe', 'totals_bounces', 'trafficSource_source_woe', 'label']",7,0.9789676259085267,0.9873870481927711,0.9148787720216291,0.9497510185604346,"{
	RandomForestClassifier_1a6531193fe6-bootstrap: true,
	RandomForestClassifier_1a6531193fe6-cacheNodeIds: false,
	RandomForestClassifier_1a6531193fe6-checkpointInterval: 10,
	RandomForestClassifier_1a6531193fe6-featureSubsetStrategy: auto,
	RandomForestClassifier_1a6531193fe6-featuresCol: features,
	RandomForestClassifier_1a6531193fe6-impurity: gini,
	RandomForestClassifier_1a6531193fe6-labelCol: label,
	RandomForestClassifier_1a6531193fe6-leafCol: ,
	RandomForestClassifier_1a6531193fe6-maxBins: 32,
	RandomForestClassifier_1a6531193fe6-maxDepth: 3,
	RandomForestClassifier_1a6531193fe6-maxMemoryInMB: 256,
	RandomForestClassifier_1a6531193fe6-minInfoGain: 0.0,
	RandomForestClassifier_1a6531193fe6-minInstancesPerNode: 1,
	RandomForestClassifier_1a6531193fe6-minWeightFractionPerNode: 0.0,
	RandomForestClassifier_1a6531193fe6-numTrees: 40,
	RandomForestClassifier_1a6531193fe6-predictionCol: prediction,
	RandomForestClassifier_1a6531193fe6-probabilityCol: probability,
	RandomForestClassifier_1a6531193fe6-rawPredictionCol: rawPrediction,
	RandomForestClassifier_1a6531193fe6-seed: -6425694500934706945,
	RandomForestClassifier_1a6531193fe6-subsamplingRate: 1.0
}",1653966867.4577239,1653967313.5497224
44,spark_rf,X_train_dsample,"['totals_pageviews', 'totals_hits', 'totals_timeOnSite', 'geoNetwork_country_woe', 'totals_bounces', 'trafficSource_source_woe', 'totals_newVisits', 'channelGrouping_Social', 'channelGrouping_Referral', 'trafficSource_medium_referral', 'trafficSource_isTrueDirect_code', 'device_browser_woe', 'hits_hour_ordinal', 'device_operatingSystem_Macintosh', 'device_operatingSystem_Windows', 'hits_eCommerceAction_action_type', 'device_deviceCategory_mobile', 'device_operatingSystem_Chrome_OS', 'device_operatingSystem_iOS', 'channelGrouping_Organic Search', 'device_operatingSystem_Android', 'channelGrouping_Display', 'socialEngagementType', 'device_operatingSystem_Linux', 'trafficSource_medium_cpc', 'label']",26,0.9818586109562466,0.9851280120481928,0.9147002272330013,0.9486087192966555,"{
	RandomForestClassifier_1a6531193fe6-bootstrap: true,
	RandomForestClassifier_1a6531193fe6-cacheNodeIds: false,
	RandomForestClassifier_1a6531193fe6-checkpointInterval: 10,
	RandomForestClassifier_1a6531193fe6-featureSubsetStrategy: auto,
	RandomForestClassifier_1a6531193fe6-featuresCol: features,
	RandomForestClassifier_1a6531193fe6-impurity: gini,
	RandomForestClassifier_1a6531193fe6-labelCol: label,
	RandomForestClassifier_1a6531193fe6-leafCol: ,
	RandomForestClassifier_1a6531193fe6-maxBins: 32,
	RandomForestClassifier_1a6531193fe6-maxDepth: 3,
	RandomForestClassifier_1a6531193fe6-maxMemoryInMB: 256,
	RandomForestClassifier_1a6531193fe6-minInfoGain: 0.0,
	RandomForestClassifier_1a6531193fe6-minInstancesPerNode: 1,
	RandomForestClassifier_1a6531193fe6-minWeightFractionPerNode: 0.0,
	RandomForestClassifier_1a6531193fe6-numTrees: 20,
	RandomForestClassifier_1a6531193fe6-predictionCol: prediction,
	RandomForestClassifier_1a6531193fe6-probabilityCol: probability,
	RandomForestClassifier_1a6531193fe6-rawPredictionCol: rawPrediction,
	RandomForestClassifier_1a6531193fe6-seed: -6425694500934706945,
	RandomForestClassifier_1a6531193fe6-subsamplingRate: 1.0
}",1653966365.535077,1653966865.5726738
42,spark_rf,X_train_dsample,"['totals_pageviews', 'totals_hits', 'totals_timeOnSite', 'geoNetwork_country_woe', 'totals_bounces', 'trafficSource_source_woe', 'totals_newVisits', 'channelGrouping_Referral', 'channelGrouping_Social', 'trafficSource_medium_referral', 'trafficSource_isTrueDirect_code', 'device_browser_woe', 'hits_hour_ordinal', 'device_operatingSystem_Macintosh', 'device_operatingSystem_Windows', 'device_deviceCategory_mobile', 'hits_eCommerceAction_action_type', 'device_operatingSystem_Chrome_OS', 'device_operatingSystem_Nintendo_Wii', 'channelGrouping_Organic Search', 'device_operatingSystem_Linux', 'device_operatingSystem_iOS', 'device_operatingSystem_Android', 'device_operatingSystem_Xbox', 'trafficSource_medium_affiliate', 'device_operatingSystem_Samsung', 'device_operatingSystem_BlackBerry', 'trafficSource_medium_organic', 'trafficSource_medium_cpc', 'device_operatingSystem_Windows_Phone', 'label']",31,0.9810133288701939,0.9871987951807228,0.9118414188836724,0.948024948024948,"{
	RandomForestClassifier_1a6531193fe6-bootstrap: true,
	RandomForestClassifier_1a6531193fe6-cacheNodeIds: false,
	RandomForestClassifier_1a6531193fe6-checkpointInterval: 10,
	RandomForestClassifier_1a6531193fe6-featureSubsetStrategy: auto,
	RandomForestClassifier_1a6531193fe6-featuresCol: features,
	RandomForestClassifier_1a6531193fe6-impurity: gini,
	RandomForestClassifier_1a6531193fe6-labelCol: label,
	RandomForestClassifier_1a6531193fe6-leafCol: ,
	RandomForestClassifier_1a6531193fe6-maxBins: 32,
	RandomForestClassifier_1a6531193fe6-maxDepth: 3,
	RandomForestClassifier_1a6531193fe6-maxMemoryInMB: 256,
	RandomForestClassifier_1a6531193fe6-minInfoGain: 0.0,
	RandomForestClassifier_1a6531193fe6-minInstancesPerNode: 1,
	RandomForestClassifier_1a6531193fe6-minWeightFractionPerNode: 0.0,
	RandomForestClassifier_1a6531193fe6-numTrees: 40,
	RandomForestClassifier_1a6531193fe6-predictionCol: prediction,
	RandomForestClassifier_1a6531193fe6-probabilityCol: probability,
	RandomForestClassifier_1a6531193fe6-rawPredictionCol: rawPrediction,
	RandomForestClassifier_1a6531193fe6-seed: -6425694500934706945,
	RandomForestClassifier_1a6531193fe6-subsamplingRate: 1.0
}",1653965854.9298384,1653966363.5463834
45,spark_rf,X_test_dsample,"['totals_pageviews', 'totals_hits', 'totals_timeOnSite', 'geoNetwork_country_woe', 'totals_bounces', 'trafficSource_source_woe', 'totals_newVisits', 'channelGrouping_Social', 'channelGrouping_Referral', 'trafficSource_medium_referral', 'trafficSource_isTrueDirect_code', 'device_browser_woe', 'hits_hour_ordinal', 'device_operatingSystem_Macintosh', 'device_operatingSystem_Windows', 'hits_eCommerceAction_action_type', 'device_deviceCategory_mobile', 'device_operatingSystem_Chrome_OS', 'device_operatingSystem_iOS', 'channelGrouping_Organic Search', 'device_operatingSystem_Android', 'channelGrouping_Display', 'socialEngagementType', 'device_operatingSystem_Linux', 'trafficSource_medium_cpc', 'label']",26,0.9834959165154266,0.9891107078039928,0.9098497495826378,0.9478260869565218,"{
	RandomForestClassifier_1a6531193fe6-bootstrap: true,
	RandomForestClassifier_1a6531193fe6-cacheNodeIds: false,
	RandomForestClassifier_1a6531193fe6-checkpointInterval: 10,
	RandomForestClassifier_1a6531193fe6-featureSubsetStrategy: auto,
	RandomForestClassifier_1a6531193fe6-featuresCol: features,
	RandomForestClassifier_1a6531193fe6-impurity: gini,
	RandomForestClassifier_1a6531193fe6-labelCol: label,
	RandomForestClassifier_1a6531193fe6-leafCol: ,
	RandomForestClassifier_1a6531193fe6-maxBins: 32,
	RandomForestClassifier_1a6531193fe6-maxDepth: 3,
	RandomForestClassifier_1a6531193fe6-maxMemoryInMB: 256,
	RandomForestClassifier_1a6531193fe6-minInfoGain: 0.0,
	RandomForestClassifier_1a6531193fe6-minInstancesPerNode: 1,
	RandomForestClassifier_1a6531193fe6-minWeightFractionPerNode: 0.0,
	RandomForestClassifier_1a6531193fe6-numTrees: 20,
	RandomForestClassifier_1a6531193fe6-predictionCol: prediction,
	RandomForestClassifier_1a6531193fe6-probabilityCol: probability,
	RandomForestClassifier_1a6531193fe6-rawPredictionCol: rawPrediction,
	RandomForestClassifier_1a6531193fe6-seed: -6425694500934706945,
	RandomForestClassifier_1a6531193fe6-subsamplingRate: 1.0
}",1653966365.535077,1653966865.5726738
47,spark_rf,X_test_dsample,"['totals_pageviews', 'totals_hits', 'totals_timeOnSite', 'geoNetwork_country_woe', 'totals_bounces', 'trafficSource_source_woe', 'label']",7,0.9785555746308923,0.9872958257713249,0.9066666666666666,0.9452649869678541,"{
	RandomForestClassifier_1a6531193fe6-bootstrap: true,
	RandomForestClassifier_1a6531193fe6-cacheNodeIds: false,
	RandomForestClassifier_1a6531193fe6-checkpointInterval: 10,
	RandomForestClassifier_1a6531193fe6-featureSubsetStrategy: auto,
	RandomForestClassifier_1a6531193fe6-featuresCol: features,
	RandomForestClassifier_1a6531193fe6-impurity: gini,
	RandomForestClassifier_1a6531193fe6-labelCol: label,
	RandomForestClassifier_1a6531193fe6-leafCol: ,
	RandomForestClassifier_1a6531193fe6-maxBins: 32,
	RandomForestClassifier_1a6531193fe6-maxDepth: 3,
	RandomForestClassifier_1a6531193fe6-maxMemoryInMB: 256,
	RandomForestClassifier_1a6531193fe6-minInfoGain: 0.0,
	RandomForestClassifier_1a6531193fe6-minInstancesPerNode: 1,
	RandomForestClassifier_1a6531193fe6-minWeightFractionPerNode: 0.0,
	RandomForestClassifier_1a6531193fe6-numTrees: 40,
	RandomForestClassifier_1a6531193fe6-predictionCol: prediction,
	RandomForestClassifier_1a6531193fe6-probabilityCol: probability,
	RandomForestClassifier_1a6531193fe6-rawPredictionCol: rawPrediction,
	RandomForestClassifier_1a6531193fe6-seed: -6425694500934706945,
	RandomForestClassifier_1a6531193fe6-subsamplingRate: 1.0
}",1653966867.4577239,1653967313.5497224
43,spark_rf,X_test_dsample,"['totals_pageviews', 'totals_hits', 'totals_timeOnSite', 'geoNetwork_country_woe', 'totals_bounces', 'trafficSource_source_woe', 'totals_newVisits', 'channelGrouping_Referral', 'channelGrouping_Social', 'trafficSource_medium_referral', 'trafficSource_isTrueDirect_code', 'device_browser_woe', 'hits_hour_ordinal', 'device_operatingSystem_Macintosh', 'device_operatingSystem_Windows', 'device_deviceCategory_mobile', 'hits_eCommerceAction_action_type', 'device_operatingSystem_Chrome_OS', 'device_operatingSystem_Nintendo_Wii', 'channelGrouping_Organic Search', 'device_operatingSystem_Linux', 'device_operatingSystem_iOS', 'device_operatingSystem_Android', 'device_operatingSystem_Xbox', 'trafficSource_medium_affiliate', 'device_operatingSystem_Samsung', 'device_operatingSystem_BlackBerry', 'trafficSource_medium_organic', 'trafficSource_medium_cpc', 'device_operatingSystem_Windows_Phone', 'label']",31,0.981900230539069,0.9872958257713249,0.9036544850498339,0.9436253252385083,"{
	RandomForestClassifier_1a6531193fe6-bootstrap: true,
	RandomForestClassifier_1a6531193fe6-cacheNodeIds: false,
	RandomForestClassifier_1a6531193fe6-checkpointInterval: 10,
	RandomForestClassifier_1a6531193fe6-featureSubsetStrategy: auto,
	RandomForestClassifier_1a6531193fe6-featuresCol: features,
	RandomForestClassifier_1a6531193fe6-impurity: gini,
	RandomForestClassifier_1a6531193fe6-labelCol: label,
	RandomForestClassifier_1a6531193fe6-leafCol: ,
	RandomForestClassifier_1a6531193fe6-maxBins: 32,
	RandomForestClassifier_1a6531193fe6-maxDepth: 3,
	RandomForestClassifier_1a6531193fe6-maxMemoryInMB: 256,
	RandomForestClassifier_1a6531193fe6-minInfoGain: 0.0,
	RandomForestClassifier_1a6531193fe6-minInstancesPerNode: 1,
	RandomForestClassifier_1a6531193fe6-minWeightFractionPerNode: 0.0,
	RandomForestClassifier_1a6531193fe6-numTrees: 40,
	RandomForestClassifier_1a6531193fe6-predictionCol: prediction,
	RandomForestClassifier_1a6531193fe6-probabilityCol: probability,
	RandomForestClassifier_1a6531193fe6-rawPredictionCol: rawPrediction,
	RandomForestClassifier_1a6531193fe6-seed: -6425694500934706945,
	RandomForestClassifier_1a6531193fe6-subsamplingRate: 1.0
}",1653965854.9298384,1653966363.5463834
11,spark_lr,X_test_dsample,"['totals_pageviews', 'totals_hits', 'totals_timeOnSite', 'geoNetwork_country_woe', 'totals_bounces', 'trafficSource_source_woe', 'label']",7,0.9819523470839259,0.9963702359346642,0.8784,0.9336734693877551,"{
	LogisticRegression_8f64083d5464-aggregationDepth: 2,
	LogisticRegression_8f64083d5464-elasticNetParam: 0.0,
	LogisticRegression_8f64083d5464-family: auto,
	LogisticRegression_8f64083d5464-featuresCol: features,
	LogisticRegression_8f64083d5464-fitIntercept: true,
	LogisticRegression_8f64083d5464-labelCol: label,
	LogisticRegression_8f64083d5464-maxBlockSizeInMB: 0.0,
	LogisticRegression_8f64083d5464-maxIter: 100000,
	LogisticRegression_8f64083d5464-predictionCol: prediction,
	LogisticRegression_8f64083d5464-probabilityCol: probability,
	LogisticRegression_8f64083d5464-rawPredictionCol: rawPrediction,
	LogisticRegression_8f64083d5464-regParam: 1.0,
	LogisticRegression_8f64083d5464-standardization: true,
	LogisticRegression_8f64083d5464-threshold: 0.5,
	LogisticRegression_8f64083d5464-tol: 1.0E-6
}",1653963703.7539515,1653963928.7842
10,spark_lr,X_train_dsample,"['totals_pageviews', 'totals_hits', 'totals_timeOnSite', 'geoNetwork_country_woe', 'totals_bounces', 'trafficSource_source_woe', 'label']",7,0.9768667465709602,0.9913403614457831,0.8785452118785452,0.9315407748098354,"{
	LogisticRegression_8f64083d5464-aggregationDepth: 2,
	LogisticRegression_8f64083d5464-elasticNetParam: 0.0,
	LogisticRegression_8f64083d5464-family: auto,
	LogisticRegression_8f64083d5464-featuresCol: features,
	LogisticRegression_8f64083d5464-fitIntercept: true,
	LogisticRegression_8f64083d5464-labelCol: label,
	LogisticRegression_8f64083d5464-maxBlockSizeInMB: 0.0,
	LogisticRegression_8f64083d5464-maxIter: 100000,
	LogisticRegression_8f64083d5464-predictionCol: prediction,
	LogisticRegression_8f64083d5464-probabilityCol: probability,
	LogisticRegression_8f64083d5464-rawPredictionCol: rawPrediction,
	LogisticRegression_8f64083d5464-regParam: 1.0,
	LogisticRegression_8f64083d5464-standardization: true,
	LogisticRegression_8f64083d5464-threshold: 0.5,
	LogisticRegression_8f64083d5464-tol: 1.0E-6
}",1653963703.7539515,1653963928.7842
6,spark_lr,X_train_dsample,"['totals_pageviews', 'totals_hits', 'totals_timeOnSite', 'geoNetwork_country_woe', 'totals_bounces', 'trafficSource_source_woe', 'totals_newVisits', 'channelGrouping_Referral', 'channelGrouping_Social', 'trafficSource_medium_referral', 'trafficSource_isTrueDirect_code', 'device_browser_woe', 'hits_hour_ordinal', 'device_operatingSystem_Macintosh', 'device_operatingSystem_Windows', 'device_deviceCategory_mobile', 'hits_eCommerceAction_action_type', 'device_operatingSystem_Chrome_OS', 'device_operatingSystem_Nintendo_Wii', 'channelGrouping_Organic Search', 'device_operatingSystem_Linux', 'device_operatingSystem_iOS', 'device_operatingSystem_Android', 'device_operatingSystem_Xbox', 'trafficSource_medium_affiliate', 'device_operatingSystem_Samsung', 'device_operatingSystem_BlackBerry', 'trafficSource_medium_organic', 'trafficSource_medium_cpc', 'device_operatingSystem_Windows_Phone', 'label']",31,0.9626646758663711,0.9499246987951807,0.8596252129471891,0.9025219102128421,"{
	LogisticRegression_8f64083d5464-aggregationDepth: 2,
	LogisticRegression_8f64083d5464-elasticNetParam: 0.0,
	LogisticRegression_8f64083d5464-family: auto,
	LogisticRegression_8f64083d5464-featuresCol: features,
	LogisticRegression_8f64083d5464-fitIntercept: true,
	LogisticRegression_8f64083d5464-labelCol: label,
	LogisticRegression_8f64083d5464-maxBlockSizeInMB: 0.0,
	LogisticRegression_8f64083d5464-maxIter: 100000,
	LogisticRegression_8f64083d5464-predictionCol: prediction,
	LogisticRegression_8f64083d5464-probabilityCol: probability,
	LogisticRegression_8f64083d5464-rawPredictionCol: rawPrediction,
	LogisticRegression_8f64083d5464-regParam: 1.0,
	LogisticRegression_8f64083d5464-standardization: true,
	LogisticRegression_8f64083d5464-threshold: 0.5,
	LogisticRegression_8f64083d5464-tol: 1.0E-6
}",1653963175.1269639,1653963455.1381986
8,spark_lr,X_train_dsample,"['totals_pageviews', 'totals_hits', 'totals_timeOnSite', 'geoNetwork_country_woe', 'totals_bounces', 'trafficSource_source_woe', 'totals_newVisits', 'channelGrouping_Social', 'channelGrouping_Referral', 'trafficSource_medium_referral', 'trafficSource_isTrueDirect_code', 'device_browser_woe', 'hits_hour_ordinal', 'device_operatingSystem_Macintosh', 'device_operatingSystem_Windows', 'hits_eCommerceAction_action_type', 'device_deviceCategory_mobile', 'device_operatingSystem_Chrome_OS', 'device_operatingSystem_iOS', 'channelGrouping_Organic Search', 'device_operatingSystem_Android', 'channelGrouping_Display', 'socialEngagementType', 'device_operatingSystem_Linux', 'trafficSource_medium_cpc', 'label']",26,0.9626557326880061,0.9497364457831325,0.8596012949395127,0.9024237545836687,"{
	LogisticRegression_8f64083d5464-aggregationDepth: 2,
	LogisticRegression_8f64083d5464-elasticNetParam: 0.0,
	LogisticRegression_8f64083d5464-family: auto,
	LogisticRegression_8f64083d5464-featuresCol: features,
	LogisticRegression_8f64083d5464-fitIntercept: true,
	LogisticRegression_8f64083d5464-labelCol: label,
	LogisticRegression_8f64083d5464-maxBlockSizeInMB: 0.0,
	LogisticRegression_8f64083d5464-maxIter: 100000,
	LogisticRegression_8f64083d5464-predictionCol: prediction,
	LogisticRegression_8f64083d5464-probabilityCol: probability,
	LogisticRegression_8f64083d5464-rawPredictionCol: rawPrediction,
	LogisticRegression_8f64083d5464-regParam: 1.0,
	LogisticRegression_8f64083d5464-standardization: true,
	LogisticRegression_8f64083d5464-threshold: 0.5,
	LogisticRegression_8f64083d5464-tol: 1.0E-6
}",1653963457.1847017,1653963701.7973168
7,spark_lr,X_test_dsample,"['totals_pageviews', 'totals_hits', 'totals_timeOnSite', 'geoNetwork_country_woe', 'totals_bounces', 'trafficSource_source_woe', 'totals_newVisits', 'channelGrouping_Referral', 'channelGrouping_Social', 'trafficSource_medium_referral', 'trafficSource_isTrueDirect_code', 'device_browser_woe', 'hits_hour_ordinal', 'device_operatingSystem_Macintosh', 'device_operatingSystem_Windows', 'device_deviceCategory_mobile', 'hits_eCommerceAction_action_type', 'device_operatingSystem_Chrome_OS', 'device_operatingSystem_Nintendo_Wii', 'channelGrouping_Organic Search', 'device_operatingSystem_Linux', 'device_operatingSystem_iOS', 'device_operatingSystem_Android', 'device_operatingSystem_Xbox', 'trafficSource_medium_affiliate', 'device_operatingSystem_Samsung', 'device_operatingSystem_BlackBerry', 'trafficSource_medium_organic', 'trafficSource_medium_cpc', 'device_operatingSystem_Windows_Phone', 'label']",31,0.9664859959778289,0.9455535390199638,0.8583196046128501,0.8998272884283246,"{
	LogisticRegression_8f64083d5464-aggregationDepth: 2,
	LogisticRegression_8f64083d5464-elasticNetParam: 0.0,
	LogisticRegression_8f64083d5464-family: auto,
	LogisticRegression_8f64083d5464-featuresCol: features,
	LogisticRegression_8f64083d5464-fitIntercept: true,
	LogisticRegression_8f64083d5464-labelCol: label,
	LogisticRegression_8f64083d5464-maxBlockSizeInMB: 0.0,
	LogisticRegression_8f64083d5464-maxIter: 100000,
	LogisticRegression_8f64083d5464-predictionCol: prediction,
	LogisticRegression_8f64083d5464-probabilityCol: probability,
	LogisticRegression_8f64083d5464-rawPredictionCol: rawPrediction,
	LogisticRegression_8f64083d5464-regParam: 1.0,
	LogisticRegression_8f64083d5464-standardization: true,
	LogisticRegression_8f64083d5464-threshold: 0.5,
	LogisticRegression_8f64083d5464-tol: 1.0E-6
}",1653963175.1269639,1653963455.1381986
9,spark_lr,X_test_dsample,"['totals_pageviews', 'totals_hits', 'totals_timeOnSite', 'geoNetwork_country_woe', 'totals_bounces', 'trafficSource_source_woe', 'totals_newVisits', 'channelGrouping_Social', 'channelGrouping_Referral', 'trafficSource_medium_referral', 'trafficSource_isTrueDirect_code', 'device_browser_woe', 'hits_hour_ordinal', 'device_operatingSystem_Macintosh', 'device_operatingSystem_Windows', 'hits_eCommerceAction_action_type', 'device_deviceCategory_mobile', 'device_operatingSystem_Chrome_OS', 'device_operatingSystem_iOS', 'channelGrouping_Organic Search', 'device_operatingSystem_Android', 'channelGrouping_Display', 'socialEngagementType', 'device_operatingSystem_Linux', 'trafficSource_medium_cpc', 'label']",26,0.9664369451120811,0.9455535390199638,0.8569078947368421,0.8990509059534082,"{
	LogisticRegression_8f64083d5464-aggregationDepth: 2,
	LogisticRegression_8f64083d5464-elasticNetParam: 0.0,
	LogisticRegression_8f64083d5464-family: auto,
	LogisticRegression_8f64083d5464-featuresCol: features,
	LogisticRegression_8f64083d5464-fitIntercept: true,
	LogisticRegression_8f64083d5464-labelCol: label,
	LogisticRegression_8f64083d5464-maxBlockSizeInMB: 0.0,
	LogisticRegression_8f64083d5464-maxIter: 100000,
	LogisticRegression_8f64083d5464-predictionCol: prediction,
	LogisticRegression_8f64083d5464-probabilityCol: probability,
	LogisticRegression_8f64083d5464-rawPredictionCol: rawPrediction,
	LogisticRegression_8f64083d5464-regParam: 1.0,
	LogisticRegression_8f64083d5464-standardization: true,
	LogisticRegression_8f64083d5464-threshold: 0.5,
	LogisticRegression_8f64083d5464-tol: 1.0E-6
}",1653963457.1847017,1653963701.7973168
49,spark_rf,X_test_random,"['totals_pageviews', 'totals_hits', 'totals_timeOnSite', 'geoNetwork_country_woe', 'totals_bounces', 'trafficSource_source_woe', 'totals_newVisits', 'channelGrouping_Referral', 'channelGrouping_Social', 'trafficSource_medium_referral', 'trafficSource_isTrueDirect_code', 'device_browser_woe', 'hits_hour_ordinal', 'device_operatingSystem_Macintosh', 'device_operatingSystem_Windows', 'device_deviceCategory_mobile', 'hits_eCommerceAction_action_type', 'device_operatingSystem_Chrome_OS', 'device_operatingSystem_Nintendo_Wii', 'channelGrouping_Organic Search', 'device_operatingSystem_Linux', 'device_operatingSystem_iOS', 'device_operatingSystem_Android', 'device_operatingSystem_Xbox', 'trafficSource_medium_affiliate', 'device_operatingSystem_Samsung', 'device_operatingSystem_BlackBerry', 'trafficSource_medium_organic', 'trafficSource_medium_cpc', 'device_operatingSystem_Windows_Phone', 'label']",31,0.9835196832052178,0.7638888888888888,0.859375,0.8088235294117647,"{
	RandomForestClassifier_1a6531193fe6-bootstrap: true,
	RandomForestClassifier_1a6531193fe6-cacheNodeIds: false,
	RandomForestClassifier_1a6531193fe6-checkpointInterval: 10,
	RandomForestClassifier_1a6531193fe6-featureSubsetStrategy: auto,
	RandomForestClassifier_1a6531193fe6-featuresCol: features,
	RandomForestClassifier_1a6531193fe6-impurity: gini,
	RandomForestClassifier_1a6531193fe6-labelCol: label,
	RandomForestClassifier_1a6531193fe6-leafCol: ,
	RandomForestClassifier_1a6531193fe6-maxBins: 32,
	RandomForestClassifier_1a6531193fe6-maxDepth: 3,
	RandomForestClassifier_1a6531193fe6-maxMemoryInMB: 256,
	RandomForestClassifier_1a6531193fe6-minInfoGain: 0.0,
	RandomForestClassifier_1a6531193fe6-minInstancesPerNode: 1,
	RandomForestClassifier_1a6531193fe6-minWeightFractionPerNode: 0.0,
	RandomForestClassifier_1a6531193fe6-numTrees: 40,
	RandomForestClassifier_1a6531193fe6-predictionCol: prediction,
	RandomForestClassifier_1a6531193fe6-probabilityCol: probability,
	RandomForestClassifier_1a6531193fe6-rawPredictionCol: rawPrediction,
	RandomForestClassifier_1a6531193fe6-seed: -6425694500934706945,
	RandomForestClassifier_1a6531193fe6-subsamplingRate: 1.0
}",1653967315.3460639,1653967364.3891768
51,spark_rf,X_test_random,"['totals_pageviews', 'totals_hits', 'totals_timeOnSite', 'geoNetwork_country_woe', 'totals_bounces', 'trafficSource_source_woe', 'totals_newVisits', 'channelGrouping_Social', 'channelGrouping_Referral', 'trafficSource_medium_referral', 'trafficSource_isTrueDirect_code', 'device_browser_woe', 'hits_hour_ordinal', 'device_operatingSystem_Macintosh', 'device_operatingSystem_Windows', 'hits_eCommerceAction_action_type', 'device_deviceCategory_mobile', 'device_operatingSystem_Chrome_OS', 'device_operatingSystem_iOS', 'channelGrouping_Organic Search', 'device_operatingSystem_Android', 'channelGrouping_Display', 'socialEngagementType', 'device_operatingSystem_Linux', 'trafficSource_medium_cpc', 'label']",26,0.9803459119496856,0.7638888888888888,0.859375,0.8088235294117647,"{
	RandomForestClassifier_1a6531193fe6-bootstrap: true,
	RandomForestClassifier_1a6531193fe6-cacheNodeIds: false,
	RandomForestClassifier_1a6531193fe6-checkpointInterval: 10,
	RandomForestClassifier_1a6531193fe6-featureSubsetStrategy: auto,
	RandomForestClassifier_1a6531193fe6-featuresCol: features,
	RandomForestClassifier_1a6531193fe6-impurity: gini,
	RandomForestClassifier_1a6531193fe6-labelCol: label,
	RandomForestClassifier_1a6531193fe6-leafCol: ,
	RandomForestClassifier_1a6531193fe6-maxBins: 32,
	RandomForestClassifier_1a6531193fe6-maxDepth: 3,
	RandomForestClassifier_1a6531193fe6-maxMemoryInMB: 256,
	RandomForestClassifier_1a6531193fe6-minInfoGain: 0.0,
	RandomForestClassifier_1a6531193fe6-minInstancesPerNode: 1,
	RandomForestClassifier_1a6531193fe6-minWeightFractionPerNode: 0.0,
	RandomForestClassifier_1a6531193fe6-numTrees: 40,
	RandomForestClassifier_1a6531193fe6-predictionCol: prediction,
	RandomForestClassifier_1a6531193fe6-probabilityCol: probability,
	RandomForestClassifier_1a6531193fe6-rawPredictionCol: rawPrediction,
	RandomForestClassifier_1a6531193fe6-seed: -6425694500934706945,
	RandomForestClassifier_1a6531193fe6-subsamplingRate: 1.0
}",1653967365.4930735,1653967412.206909
31,spark_dt,X_test_random,"['totals_pageviews', 'totals_hits', 'totals_timeOnSite', 'geoNetwork_country_woe', 'totals_bounces', 'trafficSource_source_woe', 'totals_newVisits', 'channelGrouping_Referral', 'channelGrouping_Social', 'trafficSource_medium_referral', 'trafficSource_isTrueDirect_code', 'device_browser_woe', 'hits_hour_ordinal', 'device_operatingSystem_Macintosh', 'device_operatingSystem_Windows', 'device_deviceCategory_mobile', 'hits_eCommerceAction_action_type', 'device_operatingSystem_Chrome_OS', 'device_operatingSystem_Nintendo_Wii', 'channelGrouping_Organic Search', 'device_operatingSystem_Linux', 'device_operatingSystem_iOS', 'device_operatingSystem_Android', 'device_operatingSystem_Xbox', 'trafficSource_medium_affiliate', 'device_operatingSystem_Samsung', 'device_operatingSystem_BlackBerry', 'trafficSource_medium_organic', 'trafficSource_medium_cpc', 'device_operatingSystem_Windows_Phone', 'label']",31,0.8753348474260424,0.8194444444444444,0.7972972972972973,0.8082191780821918,"{
	DecisionTreeClassifier_41fca20da5b7-cacheNodeIds: false,
	DecisionTreeClassifier_41fca20da5b7-checkpointInterval: 10,
	DecisionTreeClassifier_41fca20da5b7-featuresCol: features,
	DecisionTreeClassifier_41fca20da5b7-impurity: gini,
	DecisionTreeClassifier_41fca20da5b7-labelCol: label,
	DecisionTreeClassifier_41fca20da5b7-leafCol: ,
	DecisionTreeClassifier_41fca20da5b7-maxBins: 32,
	DecisionTreeClassifier_41fca20da5b7-maxDepth: 3,
	DecisionTreeClassifier_41fca20da5b7-maxMemoryInMB: 256,
	DecisionTreeClassifier_41fca20da5b7-minInfoGain: 0.0,
	DecisionTreeClassifier_41fca20da5b7-minInstancesPerNode: 1,
	DecisionTreeClassifier_41fca20da5b7-minWeightFractionPerNode: 0.0,
	DecisionTreeClassifier_41fca20da5b7-predictionCol: prediction,
	DecisionTreeClassifier_41fca20da5b7-probabilityCol: probability,
	DecisionTreeClassifier_41fca20da5b7-rawPredictionCol: rawPrediction,
	DecisionTreeClassifier_41fca20da5b7-seed: -2487988386210263844
}",1653965451.507552,1653965503.5326452
33,spark_dt,X_test_random,"['totals_pageviews', 'totals_hits', 'totals_timeOnSite', 'geoNetwork_country_woe', 'totals_bounces', 'trafficSource_source_woe', 'totals_newVisits', 'channelGrouping_Social', 'channelGrouping_Referral', 'trafficSource_medium_referral', 'trafficSource_isTrueDirect_code', 'device_browser_woe', 'hits_hour_ordinal', 'device_operatingSystem_Macintosh', 'device_operatingSystem_Windows', 'hits_eCommerceAction_action_type', 'device_deviceCategory_mobile', 'device_operatingSystem_Chrome_OS', 'device_operatingSystem_iOS', 'channelGrouping_Organic Search', 'device_operatingSystem_Android', 'channelGrouping_Display', 'socialEngagementType', 'device_operatingSystem_Linux', 'trafficSource_medium_cpc', 'label']",26,0.8753348474260424,0.8194444444444444,0.7972972972972973,0.8082191780821918,"{
	DecisionTreeClassifier_41fca20da5b7-cacheNodeIds: false,
	DecisionTreeClassifier_41fca20da5b7-checkpointInterval: 10,
	DecisionTreeClassifier_41fca20da5b7-featuresCol: features,
	DecisionTreeClassifier_41fca20da5b7-impurity: gini,
	DecisionTreeClassifier_41fca20da5b7-labelCol: label,
	DecisionTreeClassifier_41fca20da5b7-leafCol: ,
	DecisionTreeClassifier_41fca20da5b7-maxBins: 32,
	DecisionTreeClassifier_41fca20da5b7-maxDepth: 3,
	DecisionTreeClassifier_41fca20da5b7-maxMemoryInMB: 256,
	DecisionTreeClassifier_41fca20da5b7-minInfoGain: 0.0,
	DecisionTreeClassifier_41fca20da5b7-minInstancesPerNode: 1,
	DecisionTreeClassifier_41fca20da5b7-minWeightFractionPerNode: 0.0,
	DecisionTreeClassifier_41fca20da5b7-predictionCol: prediction,
	DecisionTreeClassifier_41fca20da5b7-probabilityCol: probability,
	DecisionTreeClassifier_41fca20da5b7-rawPredictionCol: rawPrediction,
	DecisionTreeClassifier_41fca20da5b7-seed: -2487988386210263844
}",1653965505.1374667,1653965554.6967804
30,spark_dt,X_train_random,"['totals_pageviews', 'totals_hits', 'totals_timeOnSite', 'geoNetwork_country_woe', 'totals_bounces', 'trafficSource_source_woe', 'totals_newVisits', 'channelGrouping_Referral', 'channelGrouping_Social', 'trafficSource_medium_referral', 'trafficSource_isTrueDirect_code', 'device_browser_woe', 'hits_hour_ordinal', 'device_operatingSystem_Macintosh', 'device_operatingSystem_Windows', 'device_deviceCategory_mobile', 'hits_eCommerceAction_action_type', 'device_operatingSystem_Chrome_OS', 'device_operatingSystem_Nintendo_Wii', 'channelGrouping_Organic Search', 'device_operatingSystem_Linux', 'device_operatingSystem_iOS', 'device_operatingSystem_Android', 'device_operatingSystem_Xbox', 'trafficSource_medium_affiliate', 'device_operatingSystem_Samsung', 'device_operatingSystem_BlackBerry', 'trafficSource_medium_organic', 'trafficSource_medium_cpc', 'device_operatingSystem_Windows_Phone', 'label']",31,0.888133518592034,0.8333333333333334,0.7815275310834814,0.8065994500458294,"{
	DecisionTreeClassifier_41fca20da5b7-cacheNodeIds: false,
	DecisionTreeClassifier_41fca20da5b7-checkpointInterval: 10,
	DecisionTreeClassifier_41fca20da5b7-featuresCol: features,
	DecisionTreeClassifier_41fca20da5b7-impurity: gini,
	DecisionTreeClassifier_41fca20da5b7-labelCol: label,
	DecisionTreeClassifier_41fca20da5b7-leafCol: ,
	DecisionTreeClassifier_41fca20da5b7-maxBins: 32,
	DecisionTreeClassifier_41fca20da5b7-maxDepth: 3,
	DecisionTreeClassifier_41fca20da5b7-maxMemoryInMB: 256,
	DecisionTreeClassifier_41fca20da5b7-minInfoGain: 0.0,
	DecisionTreeClassifier_41fca20da5b7-minInstancesPerNode: 1,
	DecisionTreeClassifier_41fca20da5b7-minWeightFractionPerNode: 0.0,
	DecisionTreeClassifier_41fca20da5b7-predictionCol: prediction,
	DecisionTreeClassifier_41fca20da5b7-probabilityCol: probability,
	DecisionTreeClassifier_41fca20da5b7-rawPredictionCol: rawPrediction,
	DecisionTreeClassifier_41fca20da5b7-seed: -2487988386210263844
}",1653965451.507552,1653965503.5326452
32,spark_dt,X_train_random,"['totals_pageviews', 'totals_hits', 'totals_timeOnSite', 'geoNetwork_country_woe', 'totals_bounces', 'trafficSource_source_woe', 'totals_newVisits', 'channelGrouping_Social', 'channelGrouping_Referral', 'trafficSource_medium_referral', 'trafficSource_isTrueDirect_code', 'device_browser_woe', 'hits_hour_ordinal', 'device_operatingSystem_Macintosh', 'device_operatingSystem_Windows', 'hits_eCommerceAction_action_type', 'device_deviceCategory_mobile', 'device_operatingSystem_Chrome_OS', 'device_operatingSystem_iOS', 'channelGrouping_Organic Search', 'device_operatingSystem_Android', 'channelGrouping_Display', 'socialEngagementType', 'device_operatingSystem_Linux', 'trafficSource_medium_cpc', 'label']",26,0.888133518592034,0.8333333333333334,0.7815275310834814,0.8065994500458294,"{
	DecisionTreeClassifier_41fca20da5b7-cacheNodeIds: false,
	DecisionTreeClassifier_41fca20da5b7-checkpointInterval: 10,
	DecisionTreeClassifier_41fca20da5b7-featuresCol: features,
	DecisionTreeClassifier_41fca20da5b7-impurity: gini,
	DecisionTreeClassifier_41fca20da5b7-labelCol: label,
	DecisionTreeClassifier_41fca20da5b7-leafCol: ,
	DecisionTreeClassifier_41fca20da5b7-maxBins: 32,
	DecisionTreeClassifier_41fca20da5b7-maxDepth: 3,
	DecisionTreeClassifier_41fca20da5b7-maxMemoryInMB: 256,
	DecisionTreeClassifier_41fca20da5b7-minInfoGain: 0.0,
	DecisionTreeClassifier_41fca20da5b7-minInstancesPerNode: 1,
	DecisionTreeClassifier_41fca20da5b7-minWeightFractionPerNode: 0.0,
	DecisionTreeClassifier_41fca20da5b7-predictionCol: prediction,
	DecisionTreeClassifier_41fca20da5b7-probabilityCol: probability,
	DecisionTreeClassifier_41fca20da5b7-rawPredictionCol: rawPrediction,
	DecisionTreeClassifier_41fca20da5b7-seed: -2487988386210263844
}",1653965505.1374667,1653965554.6967804
50,spark_rf,X_train_random,"['totals_pageviews', 'totals_hits', 'totals_timeOnSite', 'geoNetwork_country_woe', 'totals_bounces', 'trafficSource_source_woe', 'totals_newVisits', 'channelGrouping_Social', 'channelGrouping_Referral', 'trafficSource_medium_referral', 'trafficSource_isTrueDirect_code', 'device_browser_woe', 'hits_hour_ordinal', 'device_operatingSystem_Macintosh', 'device_operatingSystem_Windows', 'hits_eCommerceAction_action_type', 'device_deviceCategory_mobile', 'device_operatingSystem_Chrome_OS', 'device_operatingSystem_iOS', 'channelGrouping_Organic Search', 'device_operatingSystem_Android', 'channelGrouping_Display', 'socialEngagementType', 'device_operatingSystem_Linux', 'trafficSource_medium_cpc', 'label']",26,0.9825754093451178,0.7840909090909091,0.8181818181818182,0.8007736943907158,"{
	RandomForestClassifier_1a6531193fe6-bootstrap: true,
	RandomForestClassifier_1a6531193fe6-cacheNodeIds: false,
	RandomForestClassifier_1a6531193fe6-checkpointInterval: 10,
	RandomForestClassifier_1a6531193fe6-featureSubsetStrategy: auto,
	RandomForestClassifier_1a6531193fe6-featuresCol: features,
	RandomForestClassifier_1a6531193fe6-impurity: gini,
	RandomForestClassifier_1a6531193fe6-labelCol: label,
	RandomForestClassifier_1a6531193fe6-leafCol: ,
	RandomForestClassifier_1a6531193fe6-maxBins: 32,
	RandomForestClassifier_1a6531193fe6-maxDepth: 3,
	RandomForestClassifier_1a6531193fe6-maxMemoryInMB: 256,
	RandomForestClassifier_1a6531193fe6-minInfoGain: 0.0,
	RandomForestClassifier_1a6531193fe6-minInstancesPerNode: 1,
	RandomForestClassifier_1a6531193fe6-minWeightFractionPerNode: 0.0,
	RandomForestClassifier_1a6531193fe6-numTrees: 40,
	RandomForestClassifier_1a6531193fe6-predictionCol: prediction,
	RandomForestClassifier_1a6531193fe6-probabilityCol: probability,
	RandomForestClassifier_1a6531193fe6-rawPredictionCol: rawPrediction,
	RandomForestClassifier_1a6531193fe6-seed: -6425694500934706945,
	RandomForestClassifier_1a6531193fe6-subsamplingRate: 1.0
}",1653967365.4930735,1653967412.206909
48,spark_rf,X_train_random,"['totals_pageviews', 'totals_hits', 'totals_timeOnSite', 'geoNetwork_country_woe', 'totals_bounces', 'trafficSource_source_woe', 'totals_newVisits', 'channelGrouping_Referral', 'channelGrouping_Social', 'trafficSource_medium_referral', 'trafficSource_isTrueDirect_code', 'device_browser_woe', 'hits_hour_ordinal', 'device_operatingSystem_Macintosh', 'device_operatingSystem_Windows', 'device_deviceCategory_mobile', 'hits_eCommerceAction_action_type', 'device_operatingSystem_Chrome_OS', 'device_operatingSystem_Nintendo_Wii', 'channelGrouping_Organic Search', 'device_operatingSystem_Linux', 'device_operatingSystem_iOS', 'device_operatingSystem_Android', 'device_operatingSystem_Xbox', 'trafficSource_medium_affiliate', 'device_operatingSystem_Samsung', 'device_operatingSystem_BlackBerry', 'trafficSource_medium_organic', 'trafficSource_medium_cpc', 'device_operatingSystem_Windows_Phone', 'label']",31,0.9833038643154133,0.7689393939393939,0.8268839103869654,0.7968596663395485,"{
	RandomForestClassifier_1a6531193fe6-bootstrap: true,
	RandomForestClassifier_1a6531193fe6-cacheNodeIds: false,
	RandomForestClassifier_1a6531193fe6-checkpointInterval: 10,
	RandomForestClassifier_1a6531193fe6-featureSubsetStrategy: auto,
	RandomForestClassifier_1a6531193fe6-featuresCol: features,
	RandomForestClassifier_1a6531193fe6-impurity: gini,
	RandomForestClassifier_1a6531193fe6-labelCol: label,
	RandomForestClassifier_1a6531193fe6-leafCol: ,
	RandomForestClassifier_1a6531193fe6-maxBins: 32,
	RandomForestClassifier_1a6531193fe6-maxDepth: 3,
	RandomForestClassifier_1a6531193fe6-maxMemoryInMB: 256,
	RandomForestClassifier_1a6531193fe6-minInfoGain: 0.0,
	RandomForestClassifier_1a6531193fe6-minInstancesPerNode: 1,
	RandomForestClassifier_1a6531193fe6-minWeightFractionPerNode: 0.0,
	RandomForestClassifier_1a6531193fe6-numTrees: 40,
	RandomForestClassifier_1a6531193fe6-predictionCol: prediction,
	RandomForestClassifier_1a6531193fe6-probabilityCol: probability,
	RandomForestClassifier_1a6531193fe6-rawPredictionCol: rawPrediction,
	RandomForestClassifier_1a6531193fe6-seed: -6425694500934706945,
	RandomForestClassifier_1a6531193fe6-subsamplingRate: 1.0
}",1653967315.3460639,1653967364.3891768
53,spark_rf,X_test_random,"['totals_pageviews', 'totals_hits', 'totals_timeOnSite', 'geoNetwork_country_woe', 'totals_bounces', 'trafficSource_source_woe', 'label']",7,0.9794141625902633,0.7638888888888888,0.8208955223880597,0.7913669064748201,"{
	RandomForestClassifier_1a6531193fe6-bootstrap: true,
	RandomForestClassifier_1a6531193fe6-cacheNodeIds: false,
	RandomForestClassifier_1a6531193fe6-checkpointInterval: 10,
	RandomForestClassifier_1a6531193fe6-featureSubsetStrategy: auto,
	RandomForestClassifier_1a6531193fe6-featuresCol: features,
	RandomForestClassifier_1a6531193fe6-impurity: gini,
	RandomForestClassifier_1a6531193fe6-labelCol: label,
	RandomForestClassifier_1a6531193fe6-leafCol: ,
	RandomForestClassifier_1a6531193fe6-maxBins: 32,
	RandomForestClassifier_1a6531193fe6-maxDepth: 3,
	RandomForestClassifier_1a6531193fe6-maxMemoryInMB: 256,
	RandomForestClassifier_1a6531193fe6-minInfoGain: 0.0,
	RandomForestClassifier_1a6531193fe6-minInstancesPerNode: 1,
	RandomForestClassifier_1a6531193fe6-minWeightFractionPerNode: 0.0,
	RandomForestClassifier_1a6531193fe6-numTrees: 40,
	RandomForestClassifier_1a6531193fe6-predictionCol: prediction,
	RandomForestClassifier_1a6531193fe6-probabilityCol: probability,
	RandomForestClassifier_1a6531193fe6-rawPredictionCol: rawPrediction,
	RandomForestClassifier_1a6531193fe6-seed: -6425694500934706945,
	RandomForestClassifier_1a6531193fe6-subsamplingRate: 1.0
}",1653967413.4418416,1653967453.0397568
35,spark_dt,X_test_random,"['totals_pageviews', 'totals_hits', 'totals_timeOnSite', 'geoNetwork_country_woe', 'totals_bounces', 'trafficSource_source_woe', 'label']",7,0.9064465408805032,0.8611111111111112,0.7294117647058823,0.7898089171974522,"{
	DecisionTreeClassifier_41fca20da5b7-cacheNodeIds: false,
	DecisionTreeClassifier_41fca20da5b7-checkpointInterval: 10,
	DecisionTreeClassifier_41fca20da5b7-featuresCol: features,
	DecisionTreeClassifier_41fca20da5b7-impurity: gini,
	DecisionTreeClassifier_41fca20da5b7-labelCol: label,
	DecisionTreeClassifier_41fca20da5b7-leafCol: ,
	DecisionTreeClassifier_41fca20da5b7-maxBins: 32,
	DecisionTreeClassifier_41fca20da5b7-maxDepth: 1,
	DecisionTreeClassifier_41fca20da5b7-maxMemoryInMB: 256,
	DecisionTreeClassifier_41fca20da5b7-minInfoGain: 0.0,
	DecisionTreeClassifier_41fca20da5b7-minInstancesPerNode: 1,
	DecisionTreeClassifier_41fca20da5b7-minWeightFractionPerNode: 0.0,
	DecisionTreeClassifier_41fca20da5b7-predictionCol: prediction,
	DecisionTreeClassifier_41fca20da5b7-probabilityCol: probability,
	DecisionTreeClassifier_41fca20da5b7-rawPredictionCol: rawPrediction,
	DecisionTreeClassifier_41fca20da5b7-seed: -2487988386210263844
}",1653965556.5395489,1653965598.4419582
40,spark_rf,X_train_unbalanced,"['totals_pageviews', 'totals_hits', 'totals_timeOnSite', 'geoNetwork_country_woe', 'totals_bounces', 'trafficSource_source_woe', 'label']",7,0.9719446008081895,0.81787072243346,0.7629012236212094,0.7894302229562346,"{
	RandomForestClassifier_1a6531193fe6-bootstrap: true,
	RandomForestClassifier_1a6531193fe6-cacheNodeIds: false,
	RandomForestClassifier_1a6531193fe6-checkpointInterval: 10,
	RandomForestClassifier_1a6531193fe6-featureSubsetStrategy: auto,
	RandomForestClassifier_1a6531193fe6-featuresCol: features,
	RandomForestClassifier_1a6531193fe6-impurity: gini,
	RandomForestClassifier_1a6531193fe6-labelCol: label,
	RandomForestClassifier_1a6531193fe6-leafCol: ,
	RandomForestClassifier_1a6531193fe6-maxBins: 32,
	RandomForestClassifier_1a6531193fe6-maxDepth: 3,
	RandomForestClassifier_1a6531193fe6-maxMemoryInMB: 256,
	RandomForestClassifier_1a6531193fe6-minInfoGain: 0.0,
	RandomForestClassifier_1a6531193fe6-minInstancesPerNode: 1,
	RandomForestClassifier_1a6531193fe6-minWeightFractionPerNode: 0.0,
	RandomForestClassifier_1a6531193fe6-numTrees: 40,
	RandomForestClassifier_1a6531193fe6-predictionCol: prediction,
	RandomForestClassifier_1a6531193fe6-probabilityCol: probability,
	RandomForestClassifier_1a6531193fe6-rawPredictionCol: rawPrediction,
	RandomForestClassifier_1a6531193fe6-seed: -6425694500934706945,
	RandomForestClassifier_1a6531193fe6-subsamplingRate: 1.0
}",1653965784.2020257,1653965852.4699156
18,spark_dt,X_train_unbalanced,"['totals_pageviews', 'totals_hits', 'totals_timeOnSite', 'geoNetwork_country_woe', 'totals_bounces', 'trafficSource_source_woe', 'totals_newVisits', 'channelGrouping_Referral', 'channelGrouping_Social', 'trafficSource_medium_referral', 'trafficSource_isTrueDirect_code', 'device_browser_woe', 'hits_hour_ordinal', 'device_operatingSystem_Macintosh', 'device_operatingSystem_Windows', 'device_deviceCategory_mobile', 'hits_eCommerceAction_action_type', 'device_operatingSystem_Chrome_OS', 'device_operatingSystem_Nintendo_Wii', 'channelGrouping_Organic Search', 'device_operatingSystem_Linux', 'device_operatingSystem_iOS', 'device_operatingSystem_Android', 'device_operatingSystem_Xbox', 'trafficSource_medium_affiliate', 'device_operatingSystem_Samsung', 'device_operatingSystem_BlackBerry', 'trafficSource_medium_organic', 'trafficSource_medium_cpc', 'device_operatingSystem_Windows_Phone', 'label']",31,0.9608878639818397,0.8602661596958175,0.7291330970029004,0.7892900750043607,"{
	DecisionTreeClassifier_41fca20da5b7-cacheNodeIds: false,
	DecisionTreeClassifier_41fca20da5b7-checkpointInterval: 10,
	DecisionTreeClassifier_41fca20da5b7-featuresCol: features,
	DecisionTreeClassifier_41fca20da5b7-impurity: gini,
	DecisionTreeClassifier_41fca20da5b7-labelCol: label,
	DecisionTreeClassifier_41fca20da5b7-leafCol: ,
	DecisionTreeClassifier_41fca20da5b7-maxBins: 32,
	DecisionTreeClassifier_41fca20da5b7-maxDepth: 3,
	DecisionTreeClassifier_41fca20da5b7-maxMemoryInMB: 256,
	DecisionTreeClassifier_41fca20da5b7-minInfoGain: 0.0,
	DecisionTreeClassifier_41fca20da5b7-minInstancesPerNode: 1,
	DecisionTreeClassifier_41fca20da5b7-minWeightFractionPerNode: 0.0,
	DecisionTreeClassifier_41fca20da5b7-predictionCol: prediction,
	DecisionTreeClassifier_41fca20da5b7-probabilityCol: probability,
	DecisionTreeClassifier_41fca20da5b7-rawPredictionCol: rawPrediction,
	DecisionTreeClassifier_41fca20da5b7-seed: -2487988386210263844
}",1653964015.6490195,1653964103.3869212
20,spark_dt,X_train_unbalanced,"['totals_pageviews', 'totals_hits', 'totals_timeOnSite', 'geoNetwork_country_woe', 'totals_bounces', 'trafficSource_source_woe', 'totals_newVisits', 'channelGrouping_Social', 'channelGrouping_Referral', 'trafficSource_medium_referral', 'trafficSource_isTrueDirect_code', 'device_browser_woe', 'hits_hour_ordinal', 'device_operatingSystem_Macintosh', 'device_operatingSystem_Windows', 'hits_eCommerceAction_action_type', 'device_deviceCategory_mobile', 'device_operatingSystem_Chrome_OS', 'device_operatingSystem_iOS', 'channelGrouping_Organic Search', 'device_operatingSystem_Android', 'channelGrouping_Display', 'socialEngagementType', 'device_operatingSystem_Linux', 'trafficSource_medium_cpc', 'label']",26,0.9608878639818397,0.8602661596958175,0.7291330970029004,0.7892900750043607,"{
	DecisionTreeClassifier_41fca20da5b7-cacheNodeIds: false,
	DecisionTreeClassifier_41fca20da5b7-checkpointInterval: 10,
	DecisionTreeClassifier_41fca20da5b7-featuresCol: features,
	DecisionTreeClassifier_41fca20da5b7-impurity: gini,
	DecisionTreeClassifier_41fca20da5b7-labelCol: label,
	DecisionTreeClassifier_41fca20da5b7-leafCol: ,
	DecisionTreeClassifier_41fca20da5b7-maxBins: 32,
	DecisionTreeClassifier_41fca20da5b7-maxDepth: 3,
	DecisionTreeClassifier_41fca20da5b7-maxMemoryInMB: 256,
	DecisionTreeClassifier_41fca20da5b7-minInfoGain: 0.0,
	DecisionTreeClassifier_41fca20da5b7-minInstancesPerNode: 1,
	DecisionTreeClassifier_41fca20da5b7-minWeightFractionPerNode: 0.0,
	DecisionTreeClassifier_41fca20da5b7-predictionCol: prediction,
	DecisionTreeClassifier_41fca20da5b7-probabilityCol: probability,
	DecisionTreeClassifier_41fca20da5b7-rawPredictionCol: rawPrediction,
	DecisionTreeClassifier_41fca20da5b7-seed: -2487988386210263844
}",1653964106.2065675,1653964187.6615975
38,spark_rf,X_train_unbalanced,"['totals_pageviews', 'totals_hits', 'totals_timeOnSite', 'geoNetwork_country_woe', 'totals_bounces', 'trafficSource_source_woe', 'totals_newVisits', 'channelGrouping_Social', 'channelGrouping_Referral', 'trafficSource_medium_referral', 'trafficSource_isTrueDirect_code', 'device_browser_woe', 'hits_hour_ordinal', 'device_operatingSystem_Macintosh', 'device_operatingSystem_Windows', 'hits_eCommerceAction_action_type', 'device_deviceCategory_mobile', 'device_operatingSystem_Chrome_OS', 'device_operatingSystem_iOS', 'channelGrouping_Organic Search', 'device_operatingSystem_Android', 'channelGrouping_Display', 'socialEngagementType', 'device_operatingSystem_Linux', 'trafficSource_medium_cpc', 'label']",26,0.9806579839896405,0.8013307984790875,0.7769585253456222,0.7889564810481985,"{
	RandomForestClassifier_1a6531193fe6-bootstrap: true,
	RandomForestClassifier_1a6531193fe6-cacheNodeIds: false,
	RandomForestClassifier_1a6531193fe6-checkpointInterval: 10,
	RandomForestClassifier_1a6531193fe6-featureSubsetStrategy: auto,
	RandomForestClassifier_1a6531193fe6-featuresCol: features,
	RandomForestClassifier_1a6531193fe6-impurity: gini,
	RandomForestClassifier_1a6531193fe6-labelCol: label,
	RandomForestClassifier_1a6531193fe6-leafCol: ,
	RandomForestClassifier_1a6531193fe6-maxBins: 32,
	RandomForestClassifier_1a6531193fe6-maxDepth: 3,
	RandomForestClassifier_1a6531193fe6-maxMemoryInMB: 256,
	RandomForestClassifier_1a6531193fe6-minInfoGain: 0.0,
	RandomForestClassifier_1a6531193fe6-minInstancesPerNode: 1,
	RandomForestClassifier_1a6531193fe6-minWeightFractionPerNode: 0.0,
	RandomForestClassifier_1a6531193fe6-numTrees: 40,
	RandomForestClassifier_1a6531193fe6-predictionCol: prediction,
	RandomForestClassifier_1a6531193fe6-probabilityCol: probability,
	RandomForestClassifier_1a6531193fe6-rawPredictionCol: rawPrediction,
	RandomForestClassifier_1a6531193fe6-seed: -6425694500934706945,
	RandomForestClassifier_1a6531193fe6-subsamplingRate: 1.0
}",1653965693.644102,1653965781.3626475
52,spark_rf,X_train_random,"['totals_pageviews', 'totals_hits', 'totals_timeOnSite', 'geoNetwork_country_woe', 'totals_bounces', 'trafficSource_source_woe', 'label']",7,0.980526942604626,0.7746212121212122,0.8035363457760314,0.7888138862102217,"{
	RandomForestClassifier_1a6531193fe6-bootstrap: true,
	RandomForestClassifier_1a6531193fe6-cacheNodeIds: false,
	RandomForestClassifier_1a6531193fe6-checkpointInterval: 10,
	RandomForestClassifier_1a6531193fe6-featureSubsetStrategy: auto,
	RandomForestClassifier_1a6531193fe6-featuresCol: features,
	RandomForestClassifier_1a6531193fe6-impurity: gini,
	RandomForestClassifier_1a6531193fe6-labelCol: label,
	RandomForestClassifier_1a6531193fe6-leafCol: ,
	RandomForestClassifier_1a6531193fe6-maxBins: 32,
	RandomForestClassifier_1a6531193fe6-maxDepth: 3,
	RandomForestClassifier_1a6531193fe6-maxMemoryInMB: 256,
	RandomForestClassifier_1a6531193fe6-minInfoGain: 0.0,
	RandomForestClassifier_1a6531193fe6-minInstancesPerNode: 1,
	RandomForestClassifier_1a6531193fe6-minWeightFractionPerNode: 0.0,
	RandomForestClassifier_1a6531193fe6-numTrees: 40,
	RandomForestClassifier_1a6531193fe6-predictionCol: prediction,
	RandomForestClassifier_1a6531193fe6-probabilityCol: probability,
	RandomForestClassifier_1a6531193fe6-rawPredictionCol: rawPrediction,
	RandomForestClassifier_1a6531193fe6-seed: -6425694500934706945,
	RandomForestClassifier_1a6531193fe6-subsamplingRate: 1.0
}",1653967413.4418416,1653967453.0397568
19,spark_dt,X_test_unbalanced,"['totals_pageviews', 'totals_hits', 'totals_timeOnSite', 'geoNetwork_country_woe', 'totals_bounces', 'trafficSource_source_woe', 'totals_newVisits', 'channelGrouping_Referral', 'channelGrouping_Social', 'trafficSource_medium_referral', 'trafficSource_isTrueDirect_code', 'device_browser_woe', 'hits_hour_ordinal', 'device_operatingSystem_Macintosh', 'device_operatingSystem_Windows', 'device_deviceCategory_mobile', 'hits_eCommerceAction_action_type', 'device_operatingSystem_Chrome_OS', 'device_operatingSystem_Nintendo_Wii', 'channelGrouping_Organic Search', 'device_operatingSystem_Linux', 'device_operatingSystem_iOS', 'device_operatingSystem_Android', 'device_operatingSystem_Xbox', 'trafficSource_medium_affiliate', 'device_operatingSystem_Samsung', 'device_operatingSystem_BlackBerry', 'trafficSource_medium_organic', 'trafficSource_medium_cpc', 'device_operatingSystem_Windows_Phone', 'label']",31,0.9623174199634807,0.8524046434494196,0.7311522048364154,0.787136294027565,"{
	DecisionTreeClassifier_41fca20da5b7-cacheNodeIds: false,
	DecisionTreeClassifier_41fca20da5b7-checkpointInterval: 10,
	DecisionTreeClassifier_41fca20da5b7-featuresCol: features,
	DecisionTreeClassifier_41fca20da5b7-impurity: gini,
	DecisionTreeClassifier_41fca20da5b7-labelCol: label,
	DecisionTreeClassifier_41fca20da5b7-leafCol: ,
	DecisionTreeClassifier_41fca20da5b7-maxBins: 32,
	DecisionTreeClassifier_41fca20da5b7-maxDepth: 3,
	DecisionTreeClassifier_41fca20da5b7-maxMemoryInMB: 256,
	DecisionTreeClassifier_41fca20da5b7-minInfoGain: 0.0,
	DecisionTreeClassifier_41fca20da5b7-minInstancesPerNode: 1,
	DecisionTreeClassifier_41fca20da5b7-minWeightFractionPerNode: 0.0,
	DecisionTreeClassifier_41fca20da5b7-predictionCol: prediction,
	DecisionTreeClassifier_41fca20da5b7-probabilityCol: probability,
	DecisionTreeClassifier_41fca20da5b7-rawPredictionCol: rawPrediction,
	DecisionTreeClassifier_41fca20da5b7-seed: -2487988386210263844
}",1653964015.6490195,1653964103.3869212
21,spark_dt,X_test_unbalanced,"['totals_pageviews', 'totals_hits', 'totals_timeOnSite', 'geoNetwork_country_woe', 'totals_bounces', 'trafficSource_source_woe', 'totals_newVisits', 'channelGrouping_Social', 'channelGrouping_Referral', 'trafficSource_medium_referral', 'trafficSource_isTrueDirect_code', 'device_browser_woe', 'hits_hour_ordinal', 'device_operatingSystem_Macintosh', 'device_operatingSystem_Windows', 'hits_eCommerceAction_action_type', 'device_deviceCategory_mobile', 'device_operatingSystem_Chrome_OS', 'device_operatingSystem_iOS', 'channelGrouping_Organic Search', 'device_operatingSystem_Android', 'channelGrouping_Display', 'socialEngagementType', 'device_operatingSystem_Linux', 'trafficSource_medium_cpc', 'label']",26,0.9623174199634807,0.8524046434494196,0.7311522048364154,0.787136294027565,"{
	DecisionTreeClassifier_41fca20da5b7-cacheNodeIds: false,
	DecisionTreeClassifier_41fca20da5b7-checkpointInterval: 10,
	DecisionTreeClassifier_41fca20da5b7-featuresCol: features,
	DecisionTreeClassifier_41fca20da5b7-impurity: gini,
	DecisionTreeClassifier_41fca20da5b7-labelCol: label,
	DecisionTreeClassifier_41fca20da5b7-leafCol: ,
	DecisionTreeClassifier_41fca20da5b7-maxBins: 32,
	DecisionTreeClassifier_41fca20da5b7-maxDepth: 3,
	DecisionTreeClassifier_41fca20da5b7-maxMemoryInMB: 256,
	DecisionTreeClassifier_41fca20da5b7-minInfoGain: 0.0,
	DecisionTreeClassifier_41fca20da5b7-minInstancesPerNode: 1,
	DecisionTreeClassifier_41fca20da5b7-minWeightFractionPerNode: 0.0,
	DecisionTreeClassifier_41fca20da5b7-predictionCol: prediction,
	DecisionTreeClassifier_41fca20da5b7-probabilityCol: probability,
	DecisionTreeClassifier_41fca20da5b7-rawPredictionCol: rawPrediction,
	DecisionTreeClassifier_41fca20da5b7-seed: -2487988386210263844
}",1653964106.2065675,1653964187.6615975
41,spark_rf,X_test_unbalanced,"['totals_pageviews', 'totals_hits', 'totals_timeOnSite', 'geoNetwork_country_woe', 'totals_bounces', 'trafficSource_source_woe', 'label']",7,0.9709603638963564,0.8092868988391376,0.7625,0.7851971037811746,"{
	RandomForestClassifier_1a6531193fe6-bootstrap: true,
	RandomForestClassifier_1a6531193fe6-cacheNodeIds: false,
	RandomForestClassifier_1a6531193fe6-checkpointInterval: 10,
	RandomForestClassifier_1a6531193fe6-featureSubsetStrategy: auto,
	RandomForestClassifier_1a6531193fe6-featuresCol: features,
	RandomForestClassifier_1a6531193fe6-impurity: gini,
	RandomForestClassifier_1a6531193fe6-labelCol: label,
	RandomForestClassifier_1a6531193fe6-leafCol: ,
	RandomForestClassifier_1a6531193fe6-maxBins: 32,
	RandomForestClassifier_1a6531193fe6-maxDepth: 3,
	RandomForestClassifier_1a6531193fe6-maxMemoryInMB: 256,
	RandomForestClassifier_1a6531193fe6-minInfoGain: 0.0,
	RandomForestClassifier_1a6531193fe6-minInstancesPerNode: 1,
	RandomForestClassifier_1a6531193fe6-minWeightFractionPerNode: 0.0,
	RandomForestClassifier_1a6531193fe6-numTrees: 40,
	RandomForestClassifier_1a6531193fe6-predictionCol: prediction,
	RandomForestClassifier_1a6531193fe6-probabilityCol: probability,
	RandomForestClassifier_1a6531193fe6-rawPredictionCol: rawPrediction,
	RandomForestClassifier_1a6531193fe6-seed: -6425694500934706945,
	RandomForestClassifier_1a6531193fe6-subsamplingRate: 1.0
}",1653965784.2020257,1653965852.4699156
39,spark_rf,X_test_unbalanced,"['totals_pageviews', 'totals_hits', 'totals_timeOnSite', 'geoNetwork_country_woe', 'totals_bounces', 'trafficSource_source_woe', 'totals_newVisits', 'channelGrouping_Social', 'channelGrouping_Referral', 'trafficSource_medium_referral', 'trafficSource_isTrueDirect_code', 'device_browser_woe', 'hits_hour_ordinal', 'device_operatingSystem_Macintosh', 'device_operatingSystem_Windows', 'hits_eCommerceAction_action_type', 'device_deviceCategory_mobile', 'device_operatingSystem_Chrome_OS', 'device_operatingSystem_iOS', 'channelGrouping_Organic Search', 'device_operatingSystem_Android', 'channelGrouping_Display', 'socialEngagementType', 'device_operatingSystem_Linux', 'trafficSource_medium_cpc', 'label']",26,0.9796997760450665,0.7860696517412935,0.7834710743801653,0.7847682119205297,"{
	RandomForestClassifier_1a6531193fe6-bootstrap: true,
	RandomForestClassifier_1a6531193fe6-cacheNodeIds: false,
	RandomForestClassifier_1a6531193fe6-checkpointInterval: 10,
	RandomForestClassifier_1a6531193fe6-featureSubsetStrategy: auto,
	RandomForestClassifier_1a6531193fe6-featuresCol: features,
	RandomForestClassifier_1a6531193fe6-impurity: gini,
	RandomForestClassifier_1a6531193fe6-labelCol: label,
	RandomForestClassifier_1a6531193fe6-leafCol: ,
	RandomForestClassifier_1a6531193fe6-maxBins: 32,
	RandomForestClassifier_1a6531193fe6-maxDepth: 3,
	RandomForestClassifier_1a6531193fe6-maxMemoryInMB: 256,
	RandomForestClassifier_1a6531193fe6-minInfoGain: 0.0,
	RandomForestClassifier_1a6531193fe6-minInstancesPerNode: 1,
	RandomForestClassifier_1a6531193fe6-minWeightFractionPerNode: 0.0,
	RandomForestClassifier_1a6531193fe6-numTrees: 40,
	RandomForestClassifier_1a6531193fe6-predictionCol: prediction,
	RandomForestClassifier_1a6531193fe6-probabilityCol: probability,
	RandomForestClassifier_1a6531193fe6-rawPredictionCol: rawPrediction,
	RandomForestClassifier_1a6531193fe6-seed: -6425694500934706945,
	RandomForestClassifier_1a6531193fe6-subsamplingRate: 1.0
}",1653965693.644102,1653965781.3626475
37,spark_rf,X_test_unbalanced,"['totals_pageviews', 'totals_hits', 'totals_timeOnSite', 'geoNetwork_country_woe', 'totals_bounces', 'trafficSource_source_woe', 'totals_newVisits', 'channelGrouping_Referral', 'channelGrouping_Social', 'trafficSource_medium_referral', 'trafficSource_isTrueDirect_code', 'device_browser_woe', 'hits_hour_ordinal', 'device_operatingSystem_Macintosh', 'device_operatingSystem_Windows', 'device_deviceCategory_mobile', 'hits_eCommerceAction_action_type', 'device_operatingSystem_Chrome_OS', 'device_operatingSystem_Nintendo_Wii', 'channelGrouping_Organic Search', 'device_operatingSystem_Linux', 'device_operatingSystem_iOS', 'device_operatingSystem_Android', 'device_operatingSystem_Xbox', 'trafficSource_medium_affiliate', 'device_operatingSystem_Samsung', 'device_operatingSystem_BlackBerry', 'trafficSource_medium_organic', 'trafficSource_medium_cpc', 'device_operatingSystem_Windows_Phone', 'label']",31,0.9800315861604775,0.7595356550580431,0.8077601410934744,0.7829059829059829,"{
	RandomForestClassifier_1a6531193fe6-bootstrap: true,
	RandomForestClassifier_1a6531193fe6-cacheNodeIds: false,
	RandomForestClassifier_1a6531193fe6-checkpointInterval: 10,
	RandomForestClassifier_1a6531193fe6-featureSubsetStrategy: auto,
	RandomForestClassifier_1a6531193fe6-featuresCol: features,
	RandomForestClassifier_1a6531193fe6-impurity: gini,
	RandomForestClassifier_1a6531193fe6-labelCol: label,
	RandomForestClassifier_1a6531193fe6-leafCol: ,
	RandomForestClassifier_1a6531193fe6-maxBins: 32,
	RandomForestClassifier_1a6531193fe6-maxDepth: 3,
	RandomForestClassifier_1a6531193fe6-maxMemoryInMB: 256,
	RandomForestClassifier_1a6531193fe6-minInfoGain: 0.0,
	RandomForestClassifier_1a6531193fe6-minInstancesPerNode: 1,
	RandomForestClassifier_1a6531193fe6-minWeightFractionPerNode: 0.0,
	RandomForestClassifier_1a6531193fe6-numTrees: 40,
	RandomForestClassifier_1a6531193fe6-predictionCol: prediction,
	RandomForestClassifier_1a6531193fe6-probabilityCol: probability,
	RandomForestClassifier_1a6531193fe6-rawPredictionCol: rawPrediction,
	RandomForestClassifier_1a6531193fe6-seed: -6425694500934706945,
	RandomForestClassifier_1a6531193fe6-subsamplingRate: 1.0
}",1653965599.4761477,1653965690.727505
36,spark_rf,X_train_unbalanced,"['totals_pageviews', 'totals_hits', 'totals_timeOnSite', 'geoNetwork_country_woe', 'totals_bounces', 'trafficSource_source_woe', 'totals_newVisits', 'channelGrouping_Referral', 'channelGrouping_Social', 'trafficSource_medium_referral', 'trafficSource_isTrueDirect_code', 'device_browser_woe', 'hits_hour_ordinal', 'device_operatingSystem_Macintosh', 'device_operatingSystem_Windows', 'device_deviceCategory_mobile', 'hits_eCommerceAction_action_type', 'device_operatingSystem_Chrome_OS', 'device_operatingSystem_Nintendo_Wii', 'channelGrouping_Organic Search', 'device_operatingSystem_Linux', 'device_operatingSystem_iOS', 'device_operatingSystem_Android', 'device_operatingSystem_Xbox', 'trafficSource_medium_affiliate', 'device_operatingSystem_Samsung', 'device_operatingSystem_BlackBerry', 'trafficSource_medium_organic', 'trafficSource_medium_cpc', 'device_operatingSystem_Windows_Phone', 'label']",31,0.9809190754544189,0.7680608365019012,0.7946498819826908,0.7811291569992267,"{
	RandomForestClassifier_1a6531193fe6-bootstrap: true,
	RandomForestClassifier_1a6531193fe6-cacheNodeIds: false,
	RandomForestClassifier_1a6531193fe6-checkpointInterval: 10,
	RandomForestClassifier_1a6531193fe6-featureSubsetStrategy: auto,
	RandomForestClassifier_1a6531193fe6-featuresCol: features,
	RandomForestClassifier_1a6531193fe6-impurity: gini,
	RandomForestClassifier_1a6531193fe6-labelCol: label,
	RandomForestClassifier_1a6531193fe6-leafCol: ,
	RandomForestClassifier_1a6531193fe6-maxBins: 32,
	RandomForestClassifier_1a6531193fe6-maxDepth: 3,
	RandomForestClassifier_1a6531193fe6-maxMemoryInMB: 256,
	RandomForestClassifier_1a6531193fe6-minInfoGain: 0.0,
	RandomForestClassifier_1a6531193fe6-minInstancesPerNode: 1,
	RandomForestClassifier_1a6531193fe6-minWeightFractionPerNode: 0.0,
	RandomForestClassifier_1a6531193fe6-numTrees: 40,
	RandomForestClassifier_1a6531193fe6-predictionCol: prediction,
	RandomForestClassifier_1a6531193fe6-probabilityCol: probability,
	RandomForestClassifier_1a6531193fe6-rawPredictionCol: rawPrediction,
	RandomForestClassifier_1a6531193fe6-seed: -6425694500934706945,
	RandomForestClassifier_1a6531193fe6-subsamplingRate: 1.0
}",1653965599.4761477,1653965690.727505
34,spark_dt,X_train_random,"['totals_pageviews', 'totals_hits', 'totals_timeOnSite', 'geoNetwork_country_woe', 'totals_bounces', 'trafficSource_source_woe', 'label']",7,0.9111609226022579,0.865530303030303,0.7085271317829457,0.7791986359761295,"{
	DecisionTreeClassifier_41fca20da5b7-cacheNodeIds: false,
	DecisionTreeClassifier_41fca20da5b7-checkpointInterval: 10,
	DecisionTreeClassifier_41fca20da5b7-featuresCol: features,
	DecisionTreeClassifier_41fca20da5b7-impurity: gini,
	DecisionTreeClassifier_41fca20da5b7-labelCol: label,
	DecisionTreeClassifier_41fca20da5b7-leafCol: ,
	DecisionTreeClassifier_41fca20da5b7-maxBins: 32,
	DecisionTreeClassifier_41fca20da5b7-maxDepth: 1,
	DecisionTreeClassifier_41fca20da5b7-maxMemoryInMB: 256,
	DecisionTreeClassifier_41fca20da5b7-minInfoGain: 0.0,
	DecisionTreeClassifier_41fca20da5b7-minInstancesPerNode: 1,
	DecisionTreeClassifier_41fca20da5b7-minWeightFractionPerNode: 0.0,
	DecisionTreeClassifier_41fca20da5b7-predictionCol: prediction,
	DecisionTreeClassifier_41fca20da5b7-probabilityCol: probability,
	DecisionTreeClassifier_41fca20da5b7-rawPredictionCol: rawPrediction,
	DecisionTreeClassifier_41fca20da5b7-seed: -2487988386210263844
}",1653965556.5395489,1653965598.4419582
23,spark_dt,X_test_unbalanced,"['totals_pageviews', 'totals_hits', 'totals_timeOnSite', 'geoNetwork_country_woe', 'totals_bounces', 'trafficSource_source_woe', 'label']",7,0.9159053955974,0.8872305140961857,0.6629491945477075,0.7588652482269502,"{
	DecisionTreeClassifier_41fca20da5b7-cacheNodeIds: false,
	DecisionTreeClassifier_41fca20da5b7-checkpointInterval: 10,
	DecisionTreeClassifier_41fca20da5b7-featuresCol: features,
	DecisionTreeClassifier_41fca20da5b7-impurity: gini,
	DecisionTreeClassifier_41fca20da5b7-labelCol: label,
	DecisionTreeClassifier_41fca20da5b7-leafCol: ,
	DecisionTreeClassifier_41fca20da5b7-maxBins: 32,
	DecisionTreeClassifier_41fca20da5b7-maxDepth: 1,
	DecisionTreeClassifier_41fca20da5b7-maxMemoryInMB: 256,
	DecisionTreeClassifier_41fca20da5b7-minInfoGain: 0.0,
	DecisionTreeClassifier_41fca20da5b7-minInstancesPerNode: 1,
	DecisionTreeClassifier_41fca20da5b7-minWeightFractionPerNode: 0.0,
	DecisionTreeClassifier_41fca20da5b7-predictionCol: prediction,
	DecisionTreeClassifier_41fca20da5b7-probabilityCol: probability,
	DecisionTreeClassifier_41fca20da5b7-rawPredictionCol: rawPrediction,
	DecisionTreeClassifier_41fca20da5b7-seed: -2487988386210263844
}",1653964190.8213677,1653964255.1030035
22,spark_dt,X_train_unbalanced,"['totals_pageviews', 'totals_hits', 'totals_timeOnSite', 'geoNetwork_country_woe', 'totals_bounces', 'trafficSource_source_woe', 'label']",7,0.9191438746856436,0.8937262357414448,0.6552829662670755,0.7561524851214411,"{
	DecisionTreeClassifier_41fca20da5b7-cacheNodeIds: false,
	DecisionTreeClassifier_41fca20da5b7-checkpointInterval: 10,
	DecisionTreeClassifier_41fca20da5b7-featuresCol: features,
	DecisionTreeClassifier_41fca20da5b7-impurity: gini,
	DecisionTreeClassifier_41fca20da5b7-labelCol: label,
	DecisionTreeClassifier_41fca20da5b7-leafCol: ,
	DecisionTreeClassifier_41fca20da5b7-maxBins: 32,
	DecisionTreeClassifier_41fca20da5b7-maxDepth: 1,
	DecisionTreeClassifier_41fca20da5b7-maxMemoryInMB: 256,
	DecisionTreeClassifier_41fca20da5b7-minInfoGain: 0.0,
	DecisionTreeClassifier_41fca20da5b7-minInstancesPerNode: 1,
	DecisionTreeClassifier_41fca20da5b7-minWeightFractionPerNode: 0.0,
	DecisionTreeClassifier_41fca20da5b7-predictionCol: prediction,
	DecisionTreeClassifier_41fca20da5b7-probabilityCol: probability,
	DecisionTreeClassifier_41fca20da5b7-rawPredictionCol: rawPrediction,
	DecisionTreeClassifier_41fca20da5b7-seed: -2487988386210263844
}",1653964190.8213677,1653964255.1030035
16,spark_lr,X_train_random,"['totals_pageviews', 'totals_hits', 'totals_timeOnSite', 'geoNetwork_country_woe', 'totals_bounces', 'trafficSource_source_woe', 'label']",7,0.9771284292012281,0.045454545454545456,0.8571428571428571,0.08633093525179857,"{
	LogisticRegression_8f64083d5464-aggregationDepth: 2,
	LogisticRegression_8f64083d5464-elasticNetParam: 0.0,
	LogisticRegression_8f64083d5464-family: auto,
	LogisticRegression_8f64083d5464-featuresCol: features,
	LogisticRegression_8f64083d5464-fitIntercept: true,
	LogisticRegression_8f64083d5464-labelCol: label,
	LogisticRegression_8f64083d5464-maxBlockSizeInMB: 0.0,
	LogisticRegression_8f64083d5464-maxIter: 100000,
	LogisticRegression_8f64083d5464-predictionCol: prediction,
	LogisticRegression_8f64083d5464-probabilityCol: probability,
	LogisticRegression_8f64083d5464-rawPredictionCol: rawPrediction,
	LogisticRegression_8f64083d5464-regParam: 1.0,
	LogisticRegression_8f64083d5464-standardization: true,
	LogisticRegression_8f64083d5464-threshold: 0.5,
	LogisticRegression_8f64083d5464-tol: 1.0E-6
}",1653963990.2527726,1653964014.6520169
4,spark_lr,X_train_unbalanced,"['totals_pageviews', 'totals_hits', 'totals_timeOnSite', 'geoNetwork_country_woe', 'totals_bounces', 'trafficSource_source_woe', 'label']",7,0.9759108687728777,0.03612167300380228,0.8837209302325582,0.06940639269406393,"{
	LogisticRegression_8f64083d5464-aggregationDepth: 2,
	LogisticRegression_8f64083d5464-elasticNetParam: 0.0,
	LogisticRegression_8f64083d5464-family: auto,
	LogisticRegression_8f64083d5464-featuresCol: features,
	LogisticRegression_8f64083d5464-fitIntercept: true,
	LogisticRegression_8f64083d5464-labelCol: label,
	LogisticRegression_8f64083d5464-maxBlockSizeInMB: 0.0,
	LogisticRegression_8f64083d5464-maxIter: 100000,
	LogisticRegression_8f64083d5464-predictionCol: prediction,
	LogisticRegression_8f64083d5464-probabilityCol: probability,
	LogisticRegression_8f64083d5464-rawPredictionCol: rawPrediction,
	LogisticRegression_8f64083d5464-regParam: 1.0,
	LogisticRegression_8f64083d5464-standardization: true,
	LogisticRegression_8f64083d5464-threshold: 0.5,
	LogisticRegression_8f64083d5464-tol: 1.0E-6
}",1653963130.2559173,1653963172.696821
5,spark_lr,X_test_unbalanced,"['totals_pageviews', 'totals_hits', 'totals_timeOnSite', 'geoNetwork_country_woe', 'totals_bounces', 'trafficSource_source_woe', 'label']",7,0.9761024070086947,0.02321724709784411,0.875,0.045234248788368334,"{
	LogisticRegression_8f64083d5464-aggregationDepth: 2,
	LogisticRegression_8f64083d5464-elasticNetParam: 0.0,
	LogisticRegression_8f64083d5464-family: auto,
	LogisticRegression_8f64083d5464-featuresCol: features,
	LogisticRegression_8f64083d5464-fitIntercept: true,
	LogisticRegression_8f64083d5464-labelCol: label,
	LogisticRegression_8f64083d5464-maxBlockSizeInMB: 0.0,
	LogisticRegression_8f64083d5464-maxIter: 100000,
	LogisticRegression_8f64083d5464-predictionCol: prediction,
	LogisticRegression_8f64083d5464-probabilityCol: probability,
	LogisticRegression_8f64083d5464-rawPredictionCol: rawPrediction,
	LogisticRegression_8f64083d5464-regParam: 1.0,
	LogisticRegression_8f64083d5464-standardization: true,
	LogisticRegression_8f64083d5464-threshold: 0.5,
	LogisticRegression_8f64083d5464-tol: 1.0E-6
}",1653963130.2559173,1653963172.696821
0,spark_lr,X_train_unbalanced,"['totals_pageviews', 'totals_hits', 'totals_timeOnSite', 'geoNetwork_country_woe', 'totals_bounces', 'trafficSource_source_woe', 'totals_newVisits', 'channelGrouping_Referral', 'channelGrouping_Social', 'trafficSource_medium_referral', 'trafficSource_isTrueDirect_code', 'device_browser_woe', 'hits_hour_ordinal', 'device_operatingSystem_Macintosh', 'device_operatingSystem_Windows', 'device_deviceCategory_mobile', 'hits_eCommerceAction_action_type', 'device_operatingSystem_Chrome_OS', 'device_operatingSystem_Nintendo_Wii', 'channelGrouping_Organic Search', 'device_operatingSystem_Linux', 'device_operatingSystem_iOS', 'device_operatingSystem_Android', 'device_operatingSystem_Xbox', 'trafficSource_medium_affiliate', 'device_operatingSystem_Samsung', 'device_operatingSystem_BlackBerry', 'trafficSource_medium_organic', 'trafficSource_medium_cpc', 'device_operatingSystem_Windows_Phone', 'label']",31,0.9746806102402475,0.0076045627376425855,0.8888888888888888,0.015080113100848258,"{
	LogisticRegression_8f64083d5464-aggregationDepth: 2,
	LogisticRegression_8f64083d5464-elasticNetParam: 0.0,
	LogisticRegression_8f64083d5464-family: auto,
	LogisticRegression_8f64083d5464-featuresCol: features,
	LogisticRegression_8f64083d5464-fitIntercept: true,
	LogisticRegression_8f64083d5464-labelCol: label,
	LogisticRegression_8f64083d5464-maxBlockSizeInMB: 0.0,
	LogisticRegression_8f64083d5464-maxIter: 100000,
	LogisticRegression_8f64083d5464-predictionCol: prediction,
	LogisticRegression_8f64083d5464-probabilityCol: probability,
	LogisticRegression_8f64083d5464-rawPredictionCol: rawPrediction,
	LogisticRegression_8f64083d5464-regParam: 2.0,
	LogisticRegression_8f64083d5464-standardization: true,
	LogisticRegression_8f64083d5464-threshold: 0.5,
	LogisticRegression_8f64083d5464-tol: 1.0E-6
}",1653962987.2199595,1653963071.834856
2,spark_lr,X_train_unbalanced,"['totals_pageviews', 'totals_hits', 'totals_timeOnSite', 'geoNetwork_country_woe', 'totals_bounces', 'trafficSource_source_woe', 'totals_newVisits', 'channelGrouping_Social', 'channelGrouping_Referral', 'trafficSource_medium_referral', 'trafficSource_isTrueDirect_code', 'device_browser_woe', 'hits_hour_ordinal', 'device_operatingSystem_Macintosh', 'device_operatingSystem_Windows', 'hits_eCommerceAction_action_type', 'device_deviceCategory_mobile', 'device_operatingSystem_Chrome_OS', 'device_operatingSystem_iOS', 'channelGrouping_Organic Search', 'device_operatingSystem_Android', 'channelGrouping_Display', 'socialEngagementType', 'device_operatingSystem_Linux', 'trafficSource_medium_cpc', 'label']",26,0.9746679247460601,0.0076045627376425855,0.8888888888888888,0.015080113100848258,"{
	LogisticRegression_8f64083d5464-aggregationDepth: 2,
	LogisticRegression_8f64083d5464-elasticNetParam: 0.0,
	LogisticRegression_8f64083d5464-family: auto,
	LogisticRegression_8f64083d5464-featuresCol: features,
	LogisticRegression_8f64083d5464-fitIntercept: true,
	LogisticRegression_8f64083d5464-labelCol: label,
	LogisticRegression_8f64083d5464-maxBlockSizeInMB: 0.0,
	LogisticRegression_8f64083d5464-maxIter: 100000,
	LogisticRegression_8f64083d5464-predictionCol: prediction,
	LogisticRegression_8f64083d5464-probabilityCol: probability,
	LogisticRegression_8f64083d5464-rawPredictionCol: rawPrediction,
	LogisticRegression_8f64083d5464-regParam: 2.0,
	LogisticRegression_8f64083d5464-standardization: true,
	LogisticRegression_8f64083d5464-threshold: 0.5,
	LogisticRegression_8f64083d5464-tol: 1.0E-6
}",1653963074.74015,1653963127.5898094
12,spark_lr,X_train_random,"['totals_pageviews', 'totals_hits', 'totals_timeOnSite', 'geoNetwork_country_woe', 'totals_bounces', 'trafficSource_source_woe', 'totals_newVisits', 'channelGrouping_Referral', 'channelGrouping_Social', 'trafficSource_medium_referral', 'trafficSource_isTrueDirect_code', 'device_browser_woe', 'hits_hour_ordinal', 'device_operatingSystem_Macintosh', 'device_operatingSystem_Windows', 'device_deviceCategory_mobile', 'hits_eCommerceAction_action_type', 'device_operatingSystem_Chrome_OS', 'device_operatingSystem_Nintendo_Wii', 'channelGrouping_Organic Search', 'device_operatingSystem_Linux', 'device_operatingSystem_iOS', 'device_operatingSystem_Android', 'device_operatingSystem_Xbox', 'trafficSource_medium_affiliate', 'device_operatingSystem_Samsung', 'device_operatingSystem_BlackBerry', 'trafficSource_medium_organic', 'trafficSource_medium_cpc', 'device_operatingSystem_Windows_Phone', 'label']",31,0.9755278741215881,0.003787878787878788,0.6666666666666666,0.007532956685499058,"{
	LogisticRegression_8f64083d5464-aggregationDepth: 2,
	LogisticRegression_8f64083d5464-elasticNetParam: 0.0,
	LogisticRegression_8f64083d5464-family: auto,
	LogisticRegression_8f64083d5464-featuresCol: features,
	LogisticRegression_8f64083d5464-fitIntercept: true,
	LogisticRegression_8f64083d5464-labelCol: label,
	LogisticRegression_8f64083d5464-maxBlockSizeInMB: 0.0,
	LogisticRegression_8f64083d5464-maxIter: 100000,
	LogisticRegression_8f64083d5464-predictionCol: prediction,
	LogisticRegression_8f64083d5464-probabilityCol: probability,
	LogisticRegression_8f64083d5464-rawPredictionCol: rawPrediction,
	LogisticRegression_8f64083d5464-regParam: 2.0,
	LogisticRegression_8f64083d5464-standardization: true,
	LogisticRegression_8f64083d5464-threshold: 0.5,
	LogisticRegression_8f64083d5464-tol: 1.0E-6
}",1653963930.5469182,1653963960.519844
14,spark_lr,X_train_random,"['totals_pageviews', 'totals_hits', 'totals_timeOnSite', 'geoNetwork_country_woe', 'totals_bounces', 'trafficSource_source_woe', 'totals_newVisits', 'channelGrouping_Social', 'channelGrouping_Referral', 'trafficSource_medium_referral', 'trafficSource_isTrueDirect_code', 'device_browser_woe', 'hits_hour_ordinal', 'device_operatingSystem_Macintosh', 'device_operatingSystem_Windows', 'hits_eCommerceAction_action_type', 'device_deviceCategory_mobile', 'device_operatingSystem_Chrome_OS', 'device_operatingSystem_iOS', 'channelGrouping_Organic Search', 'device_operatingSystem_Android', 'channelGrouping_Display', 'socialEngagementType', 'device_operatingSystem_Linux', 'trafficSource_medium_cpc', 'label']",26,0.9754995803820786,0.003787878787878788,0.6666666666666666,0.007532956685499058,"{
	LogisticRegression_8f64083d5464-aggregationDepth: 2,
	LogisticRegression_8f64083d5464-elasticNetParam: 0.0,
	LogisticRegression_8f64083d5464-family: auto,
	LogisticRegression_8f64083d5464-featuresCol: features,
	LogisticRegression_8f64083d5464-fitIntercept: true,
	LogisticRegression_8f64083d5464-labelCol: label,
	LogisticRegression_8f64083d5464-maxBlockSizeInMB: 0.0,
	LogisticRegression_8f64083d5464-maxIter: 100000,
	LogisticRegression_8f64083d5464-predictionCol: prediction,
	LogisticRegression_8f64083d5464-probabilityCol: probability,
	LogisticRegression_8f64083d5464-rawPredictionCol: rawPrediction,
	LogisticRegression_8f64083d5464-regParam: 2.0,
	LogisticRegression_8f64083d5464-standardization: true,
	LogisticRegression_8f64083d5464-threshold: 0.5,
	LogisticRegression_8f64083d5464-tol: 1.0E-6
}",1653963961.6031415,1653963989.1273234
3,spark_lr,X_test_unbalanced,"['totals_pageviews', 'totals_hits', 'totals_timeOnSite', 'geoNetwork_country_woe', 'totals_bounces', 'trafficSource_source_woe', 'totals_newVisits', 'channelGrouping_Social', 'channelGrouping_Referral', 'trafficSource_medium_referral', 'trafficSource_isTrueDirect_code', 'device_browser_woe', 'hits_hour_ordinal', 'device_operatingSystem_Macintosh', 'device_operatingSystem_Windows', 'hits_eCommerceAction_action_type', 'device_deviceCategory_mobile', 'device_operatingSystem_Chrome_OS', 'device_operatingSystem_iOS', 'channelGrouping_Organic Search', 'device_operatingSystem_Android', 'channelGrouping_Display', 'socialEngagementType', 'device_operatingSystem_Linux', 'trafficSource_medium_cpc', 'label']",26,0.9742220370573111,0.003316749585406302,0.6666666666666666,0.006600660066006601,"{
	LogisticRegression_8f64083d5464-aggregationDepth: 2,
	LogisticRegression_8f64083d5464-elasticNetParam: 0.0,
	LogisticRegression_8f64083d5464-family: auto,
	LogisticRegression_8f64083d5464-featuresCol: features,
	LogisticRegression_8f64083d5464-fitIntercept: true,
	LogisticRegression_8f64083d5464-labelCol: label,
	LogisticRegression_8f64083d5464-maxBlockSizeInMB: 0.0,
	LogisticRegression_8f64083d5464-maxIter: 100000,
	LogisticRegression_8f64083d5464-predictionCol: prediction,
	LogisticRegression_8f64083d5464-probabilityCol: probability,
	LogisticRegression_8f64083d5464-rawPredictionCol: rawPrediction,
	LogisticRegression_8f64083d5464-regParam: 2.0,
	LogisticRegression_8f64083d5464-standardization: true,
	LogisticRegression_8f64083d5464-threshold: 0.5,
	LogisticRegression_8f64083d5464-tol: 1.0E-6
}",1653963074.74015,1653963127.5898094
1,spark_lr,X_test_unbalanced,"['totals_pageviews', 'totals_hits', 'totals_timeOnSite', 'geoNetwork_country_woe', 'totals_bounces', 'trafficSource_source_woe', 'totals_newVisits', 'channelGrouping_Referral', 'channelGrouping_Social', 'trafficSource_medium_referral', 'trafficSource_isTrueDirect_code', 'device_browser_woe', 'hits_hour_ordinal', 'device_operatingSystem_Macintosh', 'device_operatingSystem_Windows', 'device_deviceCategory_mobile', 'hits_eCommerceAction_action_type', 'device_operatingSystem_Chrome_OS', 'device_operatingSystem_Nintendo_Wii', 'channelGrouping_Organic Search', 'device_operatingSystem_Linux', 'device_operatingSystem_iOS', 'device_operatingSystem_Android', 'device_operatingSystem_Xbox', 'trafficSource_medium_affiliate', 'device_operatingSystem_Samsung', 'device_operatingSystem_BlackBerry', 'trafficSource_medium_organic', 'trafficSource_medium_cpc', 'device_operatingSystem_Windows_Phone', 'label']",31,0.9741574996519714,0.003316749585406302,0.6666666666666666,0.006600660066006601,"{
	LogisticRegression_8f64083d5464-aggregationDepth: 2,
	LogisticRegression_8f64083d5464-elasticNetParam: 0.0,
	LogisticRegression_8f64083d5464-family: auto,
	LogisticRegression_8f64083d5464-featuresCol: features,
	LogisticRegression_8f64083d5464-fitIntercept: true,
	LogisticRegression_8f64083d5464-labelCol: label,
	LogisticRegression_8f64083d5464-maxBlockSizeInMB: 0.0,
	LogisticRegression_8f64083d5464-maxIter: 100000,
	LogisticRegression_8f64083d5464-predictionCol: prediction,
	LogisticRegression_8f64083d5464-probabilityCol: probability,
	LogisticRegression_8f64083d5464-rawPredictionCol: rawPrediction,
	LogisticRegression_8f64083d5464-regParam: 2.0,
	LogisticRegression_8f64083d5464-standardization: true,
	LogisticRegression_8f64083d5464-threshold: 0.5,
	LogisticRegression_8f64083d5464-tol: 1.0E-6
}",1653962987.2199595,1653963071.834856
13,spark_lr,X_test_random,"['totals_pageviews', 'totals_hits', 'totals_timeOnSite', 'geoNetwork_country_woe', 'totals_bounces', 'trafficSource_source_woe', 'totals_newVisits', 'channelGrouping_Referral', 'channelGrouping_Social', 'trafficSource_medium_referral', 'trafficSource_isTrueDirect_code', 'device_browser_woe', 'hits_hour_ordinal', 'device_operatingSystem_Macintosh', 'device_operatingSystem_Windows', 'device_deviceCategory_mobile', 'hits_eCommerceAction_action_type', 'device_operatingSystem_Chrome_OS', 'device_operatingSystem_Nintendo_Wii', 'channelGrouping_Organic Search', 'device_operatingSystem_Linux', 'device_operatingSystem_iOS', 'device_operatingSystem_Android', 'device_operatingSystem_Xbox', 'trafficSource_medium_affiliate', 'device_operatingSystem_Samsung', 'device_operatingSystem_BlackBerry', 'trafficSource_medium_organic', 'trafficSource_medium_cpc', 'device_operatingSystem_Windows_Phone', 'label']",31,0.9845970184020498,0.0,0.0,0.0,"{
	LogisticRegression_8f64083d5464-aggregationDepth: 2,
	LogisticRegression_8f64083d5464-elasticNetParam: 0.0,
	LogisticRegression_8f64083d5464-family: auto,
	LogisticRegression_8f64083d5464-featuresCol: features,
	LogisticRegression_8f64083d5464-fitIntercept: true,
	LogisticRegression_8f64083d5464-labelCol: label,
	LogisticRegression_8f64083d5464-maxBlockSizeInMB: 0.0,
	LogisticRegression_8f64083d5464-maxIter: 100000,
	LogisticRegression_8f64083d5464-predictionCol: prediction,
	LogisticRegression_8f64083d5464-probabilityCol: probability,
	LogisticRegression_8f64083d5464-rawPredictionCol: rawPrediction,
	LogisticRegression_8f64083d5464-regParam: 2.0,
	LogisticRegression_8f64083d5464-standardization: true,
	LogisticRegression_8f64083d5464-threshold: 0.5,
	LogisticRegression_8f64083d5464-tol: 1.0E-6
}",1653963930.5469182,1653963960.519844
15,spark_lr,X_test_random,"['totals_pageviews', 'totals_hits', 'totals_timeOnSite', 'geoNetwork_country_woe', 'totals_bounces', 'trafficSource_source_woe', 'totals_newVisits', 'channelGrouping_Social', 'channelGrouping_Referral', 'trafficSource_medium_referral', 'trafficSource_isTrueDirect_code', 'device_browser_woe', 'hits_hour_ordinal', 'device_operatingSystem_Macintosh', 'device_operatingSystem_Windows', 'hits_eCommerceAction_action_type', 'device_deviceCategory_mobile', 'device_operatingSystem_Chrome_OS', 'device_operatingSystem_iOS', 'channelGrouping_Organic Search', 'device_operatingSystem_Android', 'channelGrouping_Display', 'socialEngagementType', 'device_operatingSystem_Linux', 'trafficSource_medium_cpc', 'label']",26,0.9841602608898206,0.0,0.0,0.0,"{
	LogisticRegression_8f64083d5464-aggregationDepth: 2,
	LogisticRegression_8f64083d5464-elasticNetParam: 0.0,
	LogisticRegression_8f64083d5464-family: auto,
	LogisticRegression_8f64083d5464-featuresCol: features,
	LogisticRegression_8f64083d5464-fitIntercept: true,
	LogisticRegression_8f64083d5464-labelCol: label,
	LogisticRegression_8f64083d5464-maxBlockSizeInMB: 0.0,
	LogisticRegression_8f64083d5464-maxIter: 100000,
	LogisticRegression_8f64083d5464-predictionCol: prediction,
	LogisticRegression_8f64083d5464-probabilityCol: probability,
	LogisticRegression_8f64083d5464-rawPredictionCol: rawPrediction,
	LogisticRegression_8f64083d5464-regParam: 2.0,
	LogisticRegression_8f64083d5464-standardization: true,
	LogisticRegression_8f64083d5464-threshold: 0.5,
	LogisticRegression_8f64083d5464-tol: 1.0E-6
}",1653963961.6031415,1653963989.1273234
17,spark_lr,X_test_random,"['totals_pageviews', 'totals_hits', 'totals_timeOnSite', 'geoNetwork_country_woe', 'totals_bounces', 'trafficSource_source_woe', 'label']",7,0.980695317959469,0.0,0.0,0.0,"{
	LogisticRegression_8f64083d5464-aggregationDepth: 2,
	LogisticRegression_8f64083d5464-elasticNetParam: 0.0,
	LogisticRegression_8f64083d5464-family: auto,
	LogisticRegression_8f64083d5464-featuresCol: features,
	LogisticRegression_8f64083d5464-fitIntercept: true,
	LogisticRegression_8f64083d5464-labelCol: label,
	LogisticRegression_8f64083d5464-maxBlockSizeInMB: 0.0,
	LogisticRegression_8f64083d5464-maxIter: 100000,
	LogisticRegression_8f64083d5464-predictionCol: prediction,
	LogisticRegression_8f64083d5464-probabilityCol: probability,
	LogisticRegression_8f64083d5464-rawPredictionCol: rawPrediction,
	LogisticRegression_8f64083d5464-regParam: 1.0,
	LogisticRegression_8f64083d5464-standardization: true,
	LogisticRegression_8f64083d5464-threshold: 0.5,
	LogisticRegression_8f64083d5464-tol: 1.0E-6
}",1653963990.2527726,1653964014.6520169
